,id,host_response_time,host_response_rate,host_acceptance_rate,host_is_superhost,host_listings_count,host_has_profile_pic,host_identity_verified,neighbourhood_cleansed,latitude,longitude,room_type,accommodates,bathrooms_text,bedrooms,beds,amenities,wifi,private_entrance,closet,cable_tv,dedicated_workspace,smart_lock,smoke_alarm,security_cameras,price,minimum_nights,maximum_nights,availability_365,number_of_reviews,number_of_reviews_ltm,review_scores_rating,review_scores_accuracy,review_scores_cleanliness,review_scores_checkin,review_scores_communication,review_scores_location,review_scores_value,instant_bookable,calculated_host_listings_count,reviews_per_month
1455,2336651.0,within an hour,1.0,0.86,False,3.0,True,True,Leblon,-22.98291,-43.22652,Hotel room,2,1.0,1.0,1.0,"[""Dryer"", ""Iron"", ""Essentials"", ""Washer"", ""Room-darkening shades"", ""Microwave"", ""Pool"", ""Smoke alarm"", ""Kitchen"", ""Host greets you"", ""Elevator"", ""Bed linens"", ""Cooking basics"", ""Hair dryer"", ""Luggage dropoff allowed"", ""Shampoo"", ""Security cameras on property"", ""Wifi"", ""Carbon monoxide alarm"", ""TV with standard cable"", ""Free parking on premises"", ""Cable TV"", ""Hangers"", ""Extra pillows and blankets"", ""Refrigerator"", ""Crib"", ""Gym"", ""Air conditioning"", ""Fire extinguisher"", ""Hot tub"", ""First aid kit"", ""Coffee maker"", ""Hot water"", ""Long term stays allowed"", ""Dishes and silverware"", ""Stove""]",True,False,False,True,False,False,True,True,1492,2,90,290,10,0,5.0,5.0,5.0,4.9,5.0,5.0,4.7,False,3,0.1
1512,2515976.0,within an hour,1.0,1.0,True,15.0,True,True,Santa Teresa,-22.9169,-43.18123,Hotel room,4,1.0,2.0,2.0,"[""Dedicated workspace"", ""Free street parking"", ""Iron"", ""Essentials"", ""Washer"", ""Microwave"", ""Toaster"", ""Kitchen"", ""Host greets you"", ""Conditioner"", ""Bed linens"", ""Cooking basics"", ""Hair dryer"", ""Luggage dropoff allowed"", ""Shampoo"", ""Pack \u2019n play/Travel crib"", ""Clothing storage: wardrobe"", ""Oven"", ""Wifi"", ""Wine glasses"", ""TV with standard cable"", ""Body soap"", ""Cable TV"", ""Hangers"", ""Extra pillows and blankets"", ""Refrigerator"", ""Crib"", ""Drying rack for clothing"", ""Baby bath"", ""Air conditioning"", ""Fire extinguisher"", ""Baking sheet"", ""Coffee maker"", ""Shared patio or balcony"", ""Hot water"", ""Long term stays allowed"", ""Dishes and silverware"", ""Stove""]",True,False,True,True,True,False,False,False,156,1,1125,358,147,20,4.71,4.72,4.85,4.79,4.75,4.59,4.63,True,15,1.45
2749,4557003.0,within an hour,1.0,1.0,True,15.0,True,True,Santa Teresa,-22.91797,-43.18206,Hotel room,2,1.0,2.0,1.0,"[""Free street parking"", ""Iron"", ""Essentials"", ""Washer"", ""Room-darkening shades"", ""Microwave"", ""Dining table"", ""Toaster"", ""Kitchen"", ""Host greets you"", ""Bed linens"", ""Cooking basics"", ""Hair dryer"", ""Luggage dropoff allowed"", ""Shampoo"", ""Clothing storage: wardrobe"", ""Oven"", ""Wifi"", ""Wine glasses"", ""TV with standard cable"", ""Body soap"", ""Cable TV"", ""Hangers"", ""Extra pillows and blankets"", ""Refrigerator"", ""Crib"", ""Drying rack for clothing"", ""Baby bath"", ""Air conditioning"", ""Fire extinguisher"", ""Coffee maker"", ""Hot water"", ""Private patio or balcony"", ""Dishes and silverware"", ""Long term stays allowed"", ""Gas stove""]",True,False,True,True,False,False,False,False,257,1,1125,308,143,40,4.83,4.88,4.9,4.81,4.82,4.86,4.71,True,15,1.55
3016,6026202.0,within an hour,1.0,1.0,True,15.0,True,True,Santa Teresa,-22.91766,-43.18307,Hotel room,6,2.0,2.0,2.0,"[""Free street parking"", ""Iron"", ""Essentials"", ""Washer"", ""Microwave"", ""Dining table"", ""Toaster"", ""Kitchen"", ""Host greets you"", ""Conditioner"", ""Bed linens"", ""Cooking basics"", ""Hair dryer"", ""Luggage dropoff allowed"", ""Shampoo"", ""Clothing storage: wardrobe"", ""Oven"", ""Wifi"", ""Wine glasses"", ""TV with standard cable"", ""Body soap"", ""Cable TV"", ""Hangers"", ""Extra pillows and blankets"", ""Refrigerator"", ""Drying rack for clothing"", ""Baby bath"", ""Air conditioning"", ""Fire extinguisher"", ""Baking sheet"", ""Coffee maker"", ""Shared patio or balcony"", ""Hot water"", ""Long term stays allowed"", ""Dishes and silverware"", ""Stove"", ""Pack \u2019n play/Travel crib - available upon request""]",True,False,True,True,False,False,False,False,272,1,1125,352,86,17,4.85,4.84,4.94,4.91,4.81,4.71,4.78,True,15,0.99
3621,8501192.0,unknown,0.0,0.96,False,1.0,True,True,Ipanema,-22.98454,-43.2001,Hotel room,4,2.0,2.0,3.0,"[""Iron"", ""Essentials"", ""Washer"", ""Smoke alarm"", ""Kitchen"", ""Elevator"", ""Hair dryer"", ""Luggage dropoff allowed"", ""Shampoo"", ""Wifi"", ""Carbon monoxide alarm"", ""TV"", ""Free parking on premises"", ""Hangers"", ""Building staff"", ""Gym"", ""Air conditioning"", ""Fire extinguisher"", ""Hot tub"", ""First aid kit"", ""Hot water"", ""Long term stays allowed"", ""Dishes and silverware"", ""Shared pool""]",True,False,False,False,False,False,True,False,562,2,1125,0,194,16,4.88,4.89,4.84,4.99,4.98,4.99,4.79,False,1,2.28
4373,10626211.0,within an hour,0.83,1.0,False,1.0,True,True,Leblon,-22.98418,-43.222343,Hotel room,6,2.0,2.0,2.0,"[""Iron"", ""Essentials"", ""Microwave"", ""Room-darkening shades"", ""Dining table"", ""Kitchen"", ""Elevator"", ""Bed linens"", ""Cooking basics"", ""Hair dryer"", ""Luggage dropoff allowed"", ""Wifi"", ""Wine glasses"", ""Freezer"", ""Mini fridge"", ""Clothing storage: dresser"", ""TV with standard cable"", ""Free parking garage on premises \u2013 1 space"", ""Cable TV"", ""Hangers"", ""Laundromat nearby"", ""Refrigerator"", ""Building staff"", ""Shared outdoor pool - available all year, open specific hours, rooftop"", ""Hot water kettle"", ""Fire extinguisher"", ""Baking sheet"", ""AC - split type ductless system"", ""Hot water"", ""Private patio or balcony"", ""Dishes and silverware"", ""Long term stays allowed"", ""Stove""]",True,False,True,True,False,False,False,False,492,3,1124,272,126,29,4.69,4.75,4.54,4.9,4.64,4.97,4.58,True,1,1.59
4718,11607165.0,within an hour,0.8,1.0,False,4.0,True,True,Ipanema,-22.98619,-43.20625,Hotel room,1,1.0,1.0,1.0,"[""Cable TV"", ""Heating"", ""Air conditioning"", ""Fire extinguisher"", ""Hangers"", ""Cooking basics"", ""Hair dryer"", ""Iron"", ""Essentials"", ""First aid kit"", ""Smoke alarm"", ""Wifi"", ""Long term stays allowed"", ""Elevator"", ""TV with standard cable""]",True,False,False,True,False,False,True,False,119,1,365,364,20,9,4.63,4.68,4.53,4.68,4.68,4.95,4.68,True,4,0.32
5078,12306706.0,within an hour,0.98,1.0,False,12.0,True,True,Botafogo,-22.9562,-43.19126,Hotel room,2,2.5,1.0,1.0,"[""Keypad"", ""Free street parking"", ""Iron"", ""Essentials"", ""Microwave"", ""Kitchen"", ""Cooking basics"", ""Hair dryer"", ""Luggage dropoff allowed"", ""Shampoo"", ""Oven"", ""Wifi"", ""Hangers"", ""Refrigerator"", ""Ceiling fan"", ""Paid parking garage on premises"", ""Air conditioning"", ""Coffee maker"", ""Hot water"", ""Long term stays allowed"", ""Dishes and silverware"", ""Stove""]",True,False,False,False,False,False,False,False,164,1,1125,71,121,30,4.73,4.76,4.68,4.95,4.82,4.77,4.73,True,9,1.6
5081,12306768.0,within an hour,0.98,1.0,False,12.0,True,True,Botafogo,-22.9564,-43.19313,Hotel room,3,3.5,1.0,2.0,"[""Paid parking off premises"", ""Air conditioning"", ""Hangers"", ""Keypad"", ""Free street parking"", ""Cooking basics"", ""Hair dryer"", ""Iron"", ""Essentials"", ""Microwave"", ""Coffee maker"", ""Refrigerator"", ""Shampoo"", ""Luggage dropoff allowed"", ""Oven"", ""Hot water"", ""Wifi"", ""Long term stays allowed"", ""Kitchen"", ""Stove""]",True,False,False,False,False,False,False,False,187,1,1125,87,49,10,4.61,4.8,4.69,4.65,4.63,4.78,4.69,True,9,0.64
5084,12307393.0,within an hour,0.98,1.0,False,12.0,True,True,Botafogo,-22.9559,-43.19293,Hotel room,4,2.5,1.0,4.0,"[""Dedicated workspace"", ""Free street parking"", ""Keypad"", ""Iron"", ""Essentials"", ""Microwave"", ""Kitchen"", ""Cooking basics"", ""Hair dryer"", ""Luggage dropoff allowed"", ""Shampoo"", ""Wifi"", ""Hangers"", ""Refrigerator"", ""Ceiling fan"", ""Air conditioning"", ""Coffee maker"", ""Shared patio or balcony"", ""Hot water"", ""Long term stays allowed"", ""Dishes and silverware"", ""Backyard""]",True,False,False,False,True,False,False,False,213,1,1125,87,94,11,4.74,4.8,4.72,4.86,4.82,4.84,4.77,True,9,1.24
5087,12307400.0,within an hour,0.98,1.0,False,12.0,True,True,Botafogo,-22.95428,-43.19294,Hotel room,2,1.0,1.0,1.0,"[""Air conditioning"", ""Backyard"", ""Hangers"", ""Dedicated workspace"", ""Keypad"", ""Cooking basics"", ""Hair dryer"", ""Iron"", ""Essentials"", ""Luggage dropoff allowed"", ""Shampoo"", ""Ceiling fan"", ""High chair"", ""Hot water"", ""Wifi"", ""Long term stays allowed"", ""Dishes and silverware"", ""Kitchen"", ""Patio or balcony""]",True,False,False,False,True,False,False,False,161,1,1125,69,75,7,4.65,4.79,4.68,4.81,4.79,4.84,4.7,True,9,1.01
5603,13427108.0,within a day,0.85,0.6,False,4.0,True,True,Vargem Pequena,-22.97666,-43.45912,Hotel room,16,2.5,5.0,41.0,"[""Backyard"", ""Hangers"", ""Cooking basics"", ""First aid kit"", ""Fire pit"", ""Essentials"", ""Microwave"", ""Refrigerator"", ""Pool"", ""Host greets you"", ""Outdoor furniture"", ""BBQ grill"", ""Dishes and silverware"", ""Kitchen"", ""Stove"", ""Long term stays allowed"", ""Free parking on premises""]",False,False,False,False,False,False,False,False,65,1,1125,364,8,2,4.63,4.88,4.88,4.88,5.0,4.38,4.88,False,4,0.13
7391,15560290.0,within a few hours,1.0,0.81,False,15.0,True,True,Santa Teresa,-22.91701,-43.18306,Hotel room,2,1.0,1.0,1.0,"[""Dryer"", ""Free street parking"", ""Essentials"", ""Washer"", ""Pool"", ""Smoke alarm"", ""Elevator"", ""Cooking basics"", ""Hair dryer"", ""Luggage dropoff allowed"", ""Shampoo"", ""Wifi"", ""Lockbox"", ""Hangers"", ""Crib"", ""Patio or balcony"", ""Air conditioning"", ""Fire extinguisher"", ""Hot water"", ""Long term stays allowed"", ""Backyard""]",True,False,False,False,False,False,True,False,9999,1,30,0,28,0,4.86,4.86,4.86,4.89,4.93,4.79,4.79,True,10,0.41
7392,15574179.0,within a few hours,1.0,0.81,False,15.0,True,True,Santa Teresa,-22.91551,-43.18255,Hotel room,4,1.0,1.0,3.0,"[""Dryer"", ""Free street parking"", ""Iron"", ""Essentials"", ""Washer"", ""Microwave"", ""Dining table"", ""Toaster"", ""Pool"", ""Smoke alarm"", ""High chair"", ""Kitchen"", ""Elevator"", ""Cooking basics"", ""Hair dryer"", ""Luggage dropoff allowed"", ""Shampoo"", ""Oven"", ""Wifi"", ""Wine glasses"", ""Freezer"", ""Lockbox"", ""Hangers"", ""Refrigerator"", ""Crib"", ""Hot water kettle"", ""Air conditioning"", ""Fire extinguisher"", ""First aid kit"", ""Coffee maker"", ""Shared patio or balcony"", ""Hot water"", ""Long term stays allowed"", ""Dishes and silverware"", ""Backyard""]",True,False,False,False,False,False,True,False,6988,3,1125,0,27,0,4.78,4.96,4.81,4.93,4.81,4.85,4.81,False,10,0.44
7650,16113518.0,within an hour,1.0,0.86,True,3.0,True,True,Barra da Tijuca,-23.00573,-43.34159,Hotel room,2,1.0,1.0,1.0,"[""Cable TV"", ""Air conditioning"", ""Hangers"", ""Hair dryer"", ""Iron"", ""Essentials"", ""Microwave"", ""Coffee maker"", ""Smoke alarm"", ""Hot water"", ""Wifi"", ""Long term stays allowed"", ""Dishes and silverware"", ""Host greets you"", ""Carbon monoxide alarm"", ""Elevator"", ""Shared pool"", ""TV with standard cable"", ""Gym""]",True,False,False,True,False,False,True,False,257,3,120,0,8,0,5.0,4.88,4.88,5.0,5.0,4.88,4.75,False,3,0.11
8150,18807091.0,within a few hours,1.0,0.81,False,15.0,True,True,Santa Teresa,-22.91662,-43.18259,Hotel room,2,1.0,1.0,1.0,"[""Air conditioning"", ""Fire extinguisher"", ""Hangers"", ""Lockbox"", ""Free street parking"", ""Cooking basics"", ""Hair dryer"", ""Iron"", ""Essentials"", ""Pool"", ""Shampoo"", ""Wifi"", ""Private patio or balcony"", ""Long term stays allowed"", ""Backyard"", ""Elevator""]",True,False,False,False,False,False,False,False,579,3,30,0,17,0,4.88,4.82,4.82,4.94,4.88,4.94,5.0,True,10,0.28
8579,20049890.0,within an hour,1.0,1.0,False,4.0,True,True,Curicica,-22.96199,-43.40091,Hotel room,2,1.0,1.0,2.0,"[""Air conditioning"", ""Gym"", ""Essentials"", ""Pool"", ""Wifi"", ""Hot water"", ""Long term stays allowed"", ""Kitchen"", ""Elevator"", ""TV"", ""Free parking on premises""]",True,False,False,False,False,False,False,False,2200,1,31,365,6,0,4.6,5.0,5.0,5.0,5.0,4.4,4.8,True,4,0.1
8888,21785116.0,within an hour,1.0,1.0,False,22.0,True,True,JacarepaguÃ¡,-22.96885,-43.38814,Hotel room,2,1.0,1.0,1.0,"[""Heating"", ""Children\u2019s books and toys"", ""Dryer"", ""Dedicated workspace"", ""Free street parking"", ""Iron"", ""Essentials"", ""Washer"", ""Room-darkening shades"", ""Smoke alarm"", ""Window guards"", ""Host greets you"", ""Elevator"", ""Ping pong table"", ""Bed linens"", ""Hair dryer"", ""Ethernet connection"", ""Carbon monoxide alarm"", ""Mini fridge"", ""TV with standard cable"", ""Shared sauna"", ""Cable TV"", ""Hangers"", ""Extra pillows and blankets"", ""Refrigerator"", ""Safe"", ""Baby safety gates"", ""Gym"", ""Air conditioning"", ""Fire extinguisher"", ""Pocket wifi"", ""Cleaning products"", ""Hot water"", ""Wifi \u2013 23 Mbps"", ""Long term stays allowed"", ""Dishes and silverware"", ""Shared pool"", ""Paid parking lot off premises""]",True,False,False,True,True,False,True,False,214,2,1125,0,2,1,5.0,4.0,5.0,5.0,5.0,5.0,4.0,True,4,0.03
9059,22489545.0,within a day,0.5,0.78,False,1.0,True,True,Ipanema,-22.98653,-43.19917,Hotel room,4,2.0,2.0,4.0,"[""Iron"", ""Essentials"", ""Washer"", ""Microwave"", ""Toaster"", ""Pool"", ""Kitchen"", ""Elevator"", ""Bed linens"", ""Cooking basics"", ""Luggage dropoff allowed"", ""Security cameras on property"", ""Oven"", ""Wifi"", ""Freezer"", ""TV with standard cable"", ""Shared sauna"", ""Free parking on premises"", ""Cable TV"", ""Hangers"", ""Extra pillows and blankets"", ""Laundromat nearby"", ""Refrigerator"", ""Building staff"", ""Beachfront"", ""Safe"", ""Patio or balcony"", ""Gym"", ""Air conditioning"", ""Fire extinguisher"", ""Hot tub"", ""Coffee maker"", ""Bidet"", ""Hot water"", ""Long term stays allowed"", ""Dishes and silverware"", ""Stove"", ""Nespresso machine""]",True,False,False,True,False,False,False,True,750,3,30,204,43,5,4.88,4.98,4.66,4.98,4.83,4.98,4.83,True,1,0.75
9255,22883940.0,within an hour,1.0,0.96,False,6.0,True,True,PraÃ§a da Bandeira,-22.91324,-43.2126,Hotel room,4,2.0,1.0,3.0,"[""Paid parking off premises"", ""Hangers"", ""Luggage dropoff allowed"", ""Iron"", ""Essentials"", ""Washer"", ""Host greets you"", ""Hot water"", ""Wifi"", ""Long term stays allowed"", ""Kitchen"", ""TV""]",True,False,False,False,False,False,False,False,354,3,90,264,3,0,5.0,5.0,4.67,5.0,5.0,5.0,5.0,True,6,0.09
9583,24933756.0,within an hour,1.0,1.0,False,57.0,True,True,Copacabana,-22.96407,-43.17472,Hotel room,5,1.0,1.0,3.0,"[""Heating"", ""32\"" HDTV with standard cable"", ""Iron"", ""Essentials"", ""Microwave"", ""Room-darkening shades"", ""Smoke alarm"", ""Window AC unit"", ""Kitchen"", ""Host greets you"", ""Elevator"", ""Clothing storage"", ""Bed linens"", ""Cooking basics"", ""Hair dryer"", ""Shampoo"", ""Pack \u2019n play/Travel crib"", ""Oven"", ""Wifi"", ""Wine glasses"", ""Waterfront"", ""Carbon monoxide alarm"", ""Pour-over coffee"", ""Body soap"", ""Cable TV"", ""Paid parking off premises"", ""Hangers"", ""Extra pillows and blankets"", ""Laundromat nearby"", ""Refrigerator"", ""Ceiling fan"", ""Beachfront"", ""Crib"", ""Fire extinguisher"", ""Coffee maker"", ""Hot water"", ""Long term stays allowed"", ""Dishes and silverware"", ""Stove""]",True,False,True,True,False,False,True,False,355,3,90,137,4,3,4.5,4.5,5.0,4.75,5.0,5.0,4.75,True,56,0.16
9801,26255209.0,within an hour,1.0,1.0,False,22.0,True,True,JacarepaguÃ¡,-22.97003,-43.3867,Hotel room,2,1.0,1.0,1.0,"[""Dedicated workspace"", ""Free street parking"", ""Beach essentials"", ""Essentials"", ""Pool"", ""Room-darkening shades"", ""Smoke alarm"", ""Window guards"", ""Elevator"", ""Bed linens"", ""Hair dryer"", ""Shampoo"", ""Security cameras on property"", ""Wifi"", ""Carbon monoxide alarm"", ""Mini fridge"", ""TV with standard cable"", ""Shared sauna"", ""Cable TV"", ""Hangers"", ""Extra pillows and blankets"", ""Laundromat nearby"", ""Building staff"", ""Safe"", ""Gym"", ""Air conditioning"", ""Fire extinguisher"", ""Coffee maker"", ""Cleaning products"", ""Hot water"", ""Long term stays allowed"", ""Dishes and silverware""]",True,False,False,True,True,False,True,True,184,2,1125,0,1,1,5.0,5.0,4.0,5.0,5.0,5.0,3.0,True,4,1.0
9824,26384256.0,within an hour,1.0,1.0,False,22.0,True,True,JacarepaguÃ¡,-22.96805,-43.38766,Hotel room,4,1.0,1.0,2.0,"[""Dedicated workspace"", ""Free street parking"", ""Iron"", ""Essentials"", ""Microwave"", ""Room-darkening shades"", ""Dining table"", ""Smoke alarm"", ""Shared pool - available all year"", ""Kitchen"", ""Free residential garage on premises"", ""Elevator"", ""Ping pong table"", ""Bed linens"", ""Cooking basics"", ""Hair dryer"", ""Clothing storage: wardrobe"", ""Wifi"", ""TV"", ""Shared sauna"", ""Free washer"", ""Hangers"", ""Extra pillows and blankets"", ""Laundromat nearby"", ""Refrigerator"", ""Building staff"", ""Safe"", ""Drying rack for clothing"", ""Gym"", ""Air conditioning"", ""Coffee maker"", ""Cleaning products"", ""Hot water"", ""Pool table"", ""Dishes and silverware"", ""Long term stays allowed"", ""Stove"", ""Shared garden or backyard""]",True,False,True,False,True,False,True,False,329,2,1125,0,0,0,4.72,4.8,4.72,4.88,4.87,4.87,4.68,False,4,0.0
9877,27750790.0,within a few hours,1.0,0.99,False,6.0,True,True,Barra da Tijuca,-23.00868,-43.35548,Hotel room,2,1.0,1.0,1.0,"[""Heating"", ""Dedicated workspace"", ""Iron"", ""Essentials"", ""Microwave"", ""Kitchen"", ""Elevator"", ""Cooking basics"", ""Hair dryer"", ""Shampoo"", ""Wifi"", ""BBQ grill"", ""Free parking on premises"", ""Hangers"", ""Smart lock"", ""Refrigerator"", ""HDTV"", ""Beachfront"", ""Coffee maker"", ""AC - split type ductless system"", ""Hot water"", ""Private patio or balcony"", ""Dishes and silverware"", ""Long term stays allowed"", ""Stove"", ""Shared pool""]",True,False,False,False,True,True,False,False,498,2,1125,155,25,1,4.88,4.92,4.92,4.96,4.92,5.0,4.84,True,6,0.5
9989,28455469.0,within an hour,1.0,0.4,False,4.0,True,False,Copacabana,-22.98173,-43.19644,Hotel room,2,1.0,1.0,1.0,"[""Air conditioning"", ""Fire extinguisher"", ""Hangers"", ""Hair dryer"", ""Iron"", ""Essentials"", ""First aid kit"", ""Pool"", ""Shampoo"", ""Security cameras on property"", ""Smoke alarm"", ""Wifi"", ""Long term stays allowed"", ""TV""]",True,False,False,False,False,False,True,True,365,1,1125,87,20,2,4.73,4.8,4.87,4.67,4.67,4.13,4.73,False,4,0.41
9994,28455661.0,within an hour,1.0,0.4,False,4.0,True,False,Copacabana,-22.98335,-43.19518,Hotel room,2,1.0,1.0,1.0,"[""Paid parking off premises"", ""Air conditioning"", ""Fire extinguisher"", ""Hangers"", ""Lockbox"", ""Free street parking"", ""Hair dryer"", ""First aid kit"", ""Essentials"", ""Pool"", ""Luggage dropoff allowed"", ""Shampoo"", ""Security cameras on property"", ""Smoke alarm"", ""Hot water"", ""Wifi"", ""Long term stays allowed"", ""Carbon monoxide alarm"", ""TV"", ""Body soap""]",True,False,False,False,False,False,True,True,365,1,1125,90,4,2,4.75,4.25,4.5,4.75,4.25,3.75,4.75,True,4,0.08
10009,28460608.0,within an hour,1.0,0.4,False,4.0,True,False,Copacabana,-22.98199,-43.19662,Hotel room,2,1.0,1.0,1.0,"[""Air conditioning"", ""Fire extinguisher"", ""Hangers"", ""Hair dryer"", ""Iron"", ""Essentials"", ""First aid kit"", ""Pool"", ""Shampoo"", ""Security cameras on property"", ""Smoke alarm"", ""Hot water"", ""Wifi"", ""Long term stays allowed"", ""TV""]",True,False,False,False,False,False,True,True,365,1,1125,88,13,2,4.42,4.33,4.33,4.67,4.42,4.42,4.33,False,4,0.39
10084,29094612.0,within an hour,1.0,0.4,False,4.0,True,False,Copacabana,-22.98325,-43.19492,Hotel room,2,1.0,1.0,1.0,"[""Air conditioning"", ""Fire extinguisher"", ""Hangers"", ""Hair dryer"", ""Iron"", ""Essentials"", ""First aid kit"", ""Pool"", ""Shampoo"", ""Security cameras on property"", ""Smoke alarm"", ""Wifi"", ""Long term stays allowed"", ""TV""]",True,False,False,False,False,False,True,True,365,1,1125,88,9,2,4.78,4.44,4.89,5.0,4.78,4.44,4.56,False,4,0.19
10221,28915193.0,within an hour,1.0,1.0,False,7.0,True,False,Gamboa,-22.89888,-43.18959,Hotel room,4,1.0,1.0,4.0,"[""Air conditioning"", ""Hair dryer"", ""Iron"", ""Essentials"", ""Ethernet connection"", ""Refrigerator"", ""Wifi"", ""Crib"", ""Long term stays allowed"", ""TV""]",True,False,False,False,False,False,False,False,312,1,1125,0,42,0,4.48,4.81,4.64,4.81,4.74,3.71,4.55,True,3,0.88
10360,30009560.0,within a few hours,1.0,0.81,False,15.0,True,True,Santa Teresa,-22.91706,-43.18446,Hotel room,3,1.0,1.0,2.0,"[""Bed linens"", ""Air conditioning"", ""Fire extinguisher"", ""Hangers"", ""Dryer"", ""Free street parking"", ""Cooking basics"", ""Hair dryer"", ""Iron"", ""Essentials"", ""Washer"", ""Pool"", ""Shampoo"", ""Lockbox"", ""Hot water"", ""Wifi"", ""Crib"", ""Long term stays allowed"", ""Backyard"", ""Elevator""]",True,False,False,False,False,False,False,False,9999,1,30,0,20,0,4.65,4.7,4.9,4.7,4.6,4.8,4.8,True,10,0.44
10364,30013012.0,within a few hours,1.0,0.81,False,15.0,True,True,Santa Teresa,-22.9152,-43.18404,Hotel room,2,1.0,1.0,1.0,"[""Dryer"", ""Free street parking"", ""Iron"", ""Essentials"", ""Washer"", ""Smoke alarm"", ""Elevator"", ""Bed linens"", ""Cooking basics"", ""Hair dryer"", ""Luggage dropoff allowed"", ""Shampoo"", ""Wifi"", ""Lockbox"", ""Hangers"", ""Beachfront"", ""Crib"", ""Air conditioning"", ""Fire extinguisher"", ""First aid kit"", ""Long term stays allowed"", ""Backyard"", ""Shared pool""]",True,False,False,False,False,False,True,False,9999,1,30,0,9,0,5.0,5.0,5.0,5.0,5.0,4.67,5.0,True,10,0.21
10367,30013470.0,within a few hours,1.0,0.81,False,15.0,True,True,Santa Teresa,-22.91539,-43.1843,Hotel room,3,1.0,1.0,2.0,"[""Air conditioning"", ""Fire extinguisher"", ""Hangers"", ""Dryer"", ""Shared fenced garden or backyard"", ""Cooking basics"", ""Hair dryer"", ""Free street parking"", ""Essentials"", ""Washer"", ""Coffee maker"", ""Luggage dropoff allowed"", ""Shampoo"", ""Lockbox"", ""Wifi"", ""Crib"", ""Dishes and silverware"", ""Long term stays allowed"", ""Elevator"", ""Shared pool""]",True,False,False,False,False,False,False,False,9713,3,30,0,3,0,5.0,5.0,5.0,5.0,5.0,5.0,4.67,True,10,0.08
10474,29907291.0,within an hour,1.0,0.96,True,1.0,True,True,Leblon,-22.98433,-43.22156,Hotel room,4,1.0,1.0,2.0,"[""Dryer"", ""Free street parking"", ""Essentials"", ""Microwave"", ""Room-darkening shades"", ""Kitchen"", ""Elevator"", ""Bed linens"", ""Cooking basics"", ""Hair dryer"", ""Oven"", ""Wifi"", ""TV with standard cable"", ""Free parking on premises"", ""Cable TV"", ""Hangers"", ""Refrigerator"", ""Drying rack for clothing"", ""Gym"", ""Air conditioning"", ""Fire extinguisher"", ""Coffee maker"", ""Hot water"", ""Private patio or balcony"", ""Dishes and silverware"", ""Long term stays allowed"", ""Stove"", ""Shared pool""]",True,False,False,True,False,False,False,False,500,3,90,233,37,13,4.78,4.92,4.84,5.0,4.86,5.0,4.73,True,1,0.82
10492,30392185.0,unknown,0.0,0.5,False,3.0,True,False,Botafogo,-22.94713,-43.18522,Hotel room,2,1.0,1.0,1.0,"[""Essentials"", ""Microwave"", ""Room-darkening shades"", ""Window guards"", ""Bed linens"", ""Luggage dropoff allowed"", ""Security cameras on property"", ""Wifi"", ""BBQ grill"", ""TV"", ""Body soap"", ""Paid parking off premises"", ""Hangers"", ""Laundromat nearby"", ""Refrigerator"", ""Board games"", ""Ceiling fan"", ""Outdoor furniture"", ""Safe"", ""Patio or balcony"", ""Sound system"", ""Air conditioning"", ""Fire extinguisher"", ""Outdoor dining area"", ""Hot water"", ""Pool table"", ""Dishes and silverware"", ""Backyard"", ""Long term stays allowed""]",True,False,False,False,False,False,False,True,160,1,365,144,19,0,4.21,4.53,4.26,4.79,4.79,5.0,4.26,True,3,0.43
10496,30392586.0,unknown,0.0,0.5,False,3.0,True,False,Botafogo,-22.947,-43.18508,Hotel room,4,1.0,1.0,3.0,"[""Paid parking off premises"", ""Air conditioning"", ""Hangers"", ""Cooking basics"", ""Luggage dropoff allowed"", ""Essentials"", ""Microwave"", ""Room-darkening shades"", ""Refrigerator"", ""Building staff"", ""Security cameras on property"", ""Hot water"", ""Wifi"", ""BBQ grill"", ""Dishes and silverware"", ""Backyard"", ""Long term stays allowed"", ""Patio or balcony"", ""TV""]",True,False,False,False,False,False,False,True,220,1,365,143,2,0,5.0,5.0,5.0,5.0,5.0,5.0,5.0,True,3,0.06
10724,30753217.0,within an hour,1.0,1.0,False,4.0,True,True,Taquara,-22.94293,-43.37137,Hotel room,2,1.0,1.0,1.0,"[""Dedicated workspace"", ""Iron"", ""Essentials"", ""Elevator"", ""Bed linens"", ""Hair dryer"", ""Luggage dropoff allowed"", ""Wifi"", ""BBQ grill"", ""TV with standard cable"", ""Free parking on premises"", ""Cable TV"", ""Hangers"", ""Extra pillows and blankets"", ""Shared gym"", ""Refrigerator"", ""Building staff"", ""Paid dryer \u2013 In building"", ""Coffee maker"", ""AC - split type ductless system"", ""Shared patio or balcony"", ""Hot water"", ""Long term stays allowed"", ""Dishes and silverware"", ""Backyard"", ""Shared pool""]",True,False,False,True,True,False,False,False,160,3,1125,162,25,5,4.68,4.72,4.6,4.88,4.84,4.8,4.76,True,3,0.55
11737,33907909.0,within a few hours,1.0,0.99,False,34.0,True,True,Barra da Tijuca,-23.00545,-43.34148,Hotel room,3,1.0,2.0,2.0,"[""Heating"", ""Air conditioning"", ""Hangers"", ""Elevator"", ""Hair dryer"", ""Iron"", ""Essentials"", ""Laundromat nearby"", ""Building staff"", ""Beachfront"", ""Shared patio or balcony"", ""Hot water"", ""Wifi"", ""Long term stays allowed"", ""Backyard"", ""Mini fridge"", ""Shared pool"", ""TV""]",True,False,False,False,False,False,False,False,360,3,185,272,128,38,4.49,4.72,4.47,4.79,4.7,4.77,4.59,True,24,3.07
11739,34569396.0,within a day,0.9,0.79,False,3.0,True,False,MaracanÃ£,-22.91362,-43.23129,Hotel room,6,1.0,1.0,4.0,"[""Bed linens"", ""Fire extinguisher"", ""Cooking basics"", ""Luggage dropoff allowed"", ""Breakfast"", ""Microwave"", ""Refrigerator"", ""Room-darkening shades"", ""Laundromat nearby"", ""Oven"", ""Hot water"", ""Wifi"", ""Window AC unit"", ""Dishes and silverware"", ""Kitchen"", ""Stove"", ""BBQ grill"", ""Patio or balcony"", ""Long term stays allowed"", ""TV""]",True,False,False,False,False,False,False,False,85,1,1125,359,7,4,5.0,5.0,5.0,5.0,5.0,5.0,5.0,False,3,0.17
11782,34668638.0,within a day,0.9,0.79,False,3.0,True,False,MaracanÃ£,-22.91323,-43.23233,Hotel room,8,1.0,1.0,6.0,"[""Fire extinguisher"", ""First aid kit"", ""Breakfast"", ""Wifi"", ""Window AC unit"", ""Long term stays allowed"", ""TV""]",True,False,False,False,False,False,False,False,85,1,1125,262,0,0,4.72,4.8,4.72,4.88,4.87,4.87,4.68,False,3,0.0
11805,34084628.0,within an hour,0.9,0.95,False,5.0,True,True,Leme,-22.95978,-43.16853,Hotel room,2,1.0,1.0,2.0,"[""Hangers"", ""Dedicated workspace"", ""Cooking basics"", ""Hair dryer"", ""Iron"", ""Essentials"", ""Washer"", ""Coffee maker"", ""Refrigerator"", ""Building staff"", ""Outdoor dining area"", ""Hot water"", ""Wifi"", ""BBQ grill"", ""Dishes and silverware"", ""Kitchen"", ""Stove"", ""Long term stays allowed"", ""TV""]",True,False,False,False,True,False,False,False,122,2,31,1,8,4,5.0,5.0,4.75,5.0,5.0,4.88,5.0,True,5,0.2
11951,35602210.0,within an hour,1.0,0.97,False,4.0,True,True,Santa Teresa,-22.91362,-43.19145,Hotel room,2,1.0,1.0,1.0,"[""Dedicated workspace"", ""Iron"", ""Essentials"", ""Paid valet parking on premises"", ""Room-darkening shades"", ""Smoke alarm"", ""High chair"", ""Elevator"", ""Conditioner"", ""Shared gym in building"", ""Bed linens"", ""Hair dryer"", ""Luggage dropoff allowed"", ""Ethernet connection"", ""Shampoo"", ""Clothing storage: wardrobe"", ""Wifi"", ""Carbon monoxide alarm"", ""TV with standard cable"", ""Shared indoor pool - rooftop"", ""Body soap"", ""Cable TV"", ""Hangers"", ""Laundromat nearby"", ""Refrigerator"", ""Crib"", ""Safe"", ""Air conditioning"", ""Fire extinguisher"", ""Breakfast"", ""Hot water"", ""Long term stays allowed""]",True,False,True,True,True,False,True,False,274,1,1125,348,13,1,4.67,4.83,5.0,4.58,4.58,4.5,4.75,True,4,0.36
11952,35602213.0,within an hour,1.0,0.97,False,4.0,True,True,Centro,-22.912781,-43.191109,Hotel room,3,1.0,1.0,3.0,"[""Dedicated workspace"", ""Iron"", ""Essentials"", ""Paid valet parking on premises"", ""Room-darkening shades"", ""Smoke alarm"", ""High chair"", ""Elevator"", ""Conditioner"", ""Bed linens"", ""Hair dryer"", ""Luggage dropoff allowed"", ""Cleaning before checkout"", ""Shampoo"", ""Wifi"", ""Shared indoor pool"", ""Carbon monoxide alarm"", ""Mini fridge"", ""TV with standard cable"", ""Cable TV"", ""Hangers"", ""Extra pillows and blankets"", ""Laundromat nearby"", ""Refrigerator"", ""Shared gym nearby"", ""Crib"", ""Safe"", ""Air conditioning"", ""Fire extinguisher"", ""First aid kit"", ""Breakfast"", ""Hot water"", ""Long term stays allowed""]",True,False,False,True,True,False,True,False,392,1,1125,353,5,4,4.6,4.6,4.4,4.6,4.6,4.2,4.4,True,4,0.36
11953,35602220.0,within an hour,1.0,0.97,False,4.0,True,True,Centro,-22.91195,-43.19048,Hotel room,4,1.0,1.0,3.0,"[""Air conditioning"", ""Dedicated workspace"", ""Hair dryer"", ""Iron"", ""Essentials"", ""Ethernet connection"", ""Refrigerator"", ""Wifi"", ""Crib"", ""Long term stays allowed"", ""TV""]",True,False,False,False,True,False,False,False,503,1,1125,353,0,0,4.72,4.8,4.72,4.88,4.87,4.87,4.68,True,4,0.0
11957,35602225.0,within an hour,1.0,0.97,False,4.0,True,True,Centro,-22.912781,-43.191109,Hotel room,5,1.0,1.0,4.0,"[""Dedicated workspace"", ""Iron"", ""Essentials"", ""Paid valet parking on premises"", ""Room-darkening shades"", ""Smoke alarm"", ""High chair"", ""Elevator"", ""Conditioner"", ""Bed linens"", ""Hair dryer"", ""Luggage dropoff allowed"", ""Ethernet connection"", ""Shampoo"", ""Security cameras on property"", ""Clothing storage: wardrobe"", ""Wifi"", ""Shared indoor pool"", ""Carbon monoxide alarm"", ""TV with standard cable"", ""Body soap"", ""Cable TV"", ""Hangers"", ""Extra pillows and blankets"", ""Shared gym nearby"", ""Refrigerator"", ""Crib"", ""Safe"", ""Air conditioning"", ""Fire extinguisher"", ""Breakfast"", ""Hot water"", ""Long term stays allowed""]",True,False,True,True,True,False,True,True,654,1,1125,352,5,3,4.8,5.0,5.0,5.0,5.0,4.6,4.2,True,4,0.35
12141,37087527.0,within an hour,1.0,1.0,True,13.0,True,True,JacarepaguÃ¡,-22.97388,-43.41367,Hotel room,2,1.0,2.0,1.0,"[""Dryer"", ""Dedicated workspace"", ""Iron"", ""Essentials"", ""Washer"", ""Room-darkening shades"", ""Smoke alarm"", ""Elevator"", ""Shared gym in building"", ""Bed linens"", ""Hair dryer"", ""Luggage dropoff allowed"", ""Shampoo"", ""Wifi"", ""TV with standard cable"", ""Free parking on premises"", ""Cable TV"", ""Shared fenced garden or backyard"", ""Hangers"", ""Extra pillows and blankets"", ""Building staff"", ""Refrigerator"", ""Outdoor furniture"", ""Fire extinguisher"", ""AC - split type ductless system"", ""Shared patio or balcony"", ""Hot water"", ""Long term stays allowed"", ""Shared pool"", ""Shared hot tub""]",True,False,False,True,True,False,True,False,278,2,90,333,37,13,4.73,4.84,4.59,4.76,4.7,4.54,4.62,True,13,1.0
12226,37905741.0,within an hour,1.0,1.0,False,3.0,True,True,Barra da Tijuca,-22.97387,-43.39054,Hotel room,2,1.0,1.0,1.0,"[""Air conditioning"", ""Essentials"", ""Ethernet connection"", ""Wifi"", ""Long term stays allowed"", ""TV""]",True,False,False,False,False,False,False,False,444,1,1125,350,0,0,4.72,4.8,4.72,4.88,4.87,4.87,4.68,True,3,0.0
12227,37905870.0,within an hour,1.0,1.0,False,3.0,True,True,Barra da Tijuca,-22.97324,-43.39169,Hotel room,2,1.0,1.0,2.0,"[""Air conditioning"", ""Hair dryer"", ""Essentials"", ""Ethernet connection"", ""Refrigerator"", ""Wifi"", ""Long term stays allowed"", ""TV""]",True,False,False,False,False,False,False,False,444,1,1125,341,1,1,5.0,5.0,5.0,5.0,5.0,5.0,5.0,True,3,0.64
12348,38320085.0,within a few hours,1.0,0.99,False,6.0,True,True,Barra da Tijuca,-23.00915,-43.35334,Hotel room,4,1.0,1.0,1.0,"[""Heating"", ""Dedicated workspace"", ""Free street parking"", ""Iron"", ""Essentials"", ""Microwave"", ""Kitchen"", ""Elevator"", ""Cooking basics"", ""Hair dryer"", ""Shampoo"", ""Wifi"", ""BBQ grill"", ""TV"", ""Free parking on premises"", ""Hangers"", ""Refrigerator"", ""Beachfront"", ""Air conditioning"", ""Coffee maker"", ""Hot water"", ""Private patio or balcony"", ""Dishes and silverware"", ""Long term stays allowed"", ""Stove"", ""Shared pool""]",True,False,False,False,True,False,False,False,498,2,30,156,22,11,5.0,5.0,4.77,4.91,4.95,4.95,4.91,True,6,0.6
12379,37741422.0,within an hour,1.0,1.0,False,3.0,True,True,JacarepaguÃ¡,-22.97289,-43.39197,Hotel room,2,1.0,8.0,12.0,"[""Fire extinguisher"", ""Hangers"", ""Hair dryer"", ""Gym"", ""Essentials"", ""Pool"", ""Breakfast"", ""Shampoo"", ""Security cameras on property"", ""Smoke alarm"", ""Wifi"", ""Long term stays allowed"", ""Carbon monoxide alarm"", ""Elevator"", ""TV"", ""Free parking on premises""]",True,False,False,False,False,False,True,True,495,1,1125,353,2,2,4.5,3.5,5.0,4.5,5.0,5.0,4.5,True,3,0.36
12545,38850451.0,within an hour,0.94,0.99,False,8.0,True,True,Centro,-22.91375,-43.17973,Hotel room,2,1.0,1.0,1.0,"[""Dryer"", ""Iron"", ""Essentials"", ""Washer"", ""Microwave"", ""Smoke alarm"", ""Kitchen"", ""Bed linens"", ""Hair dryer"", ""Luggage dropoff allowed"", ""Shampoo"", ""Oven"", ""Wifi"", ""Carbon monoxide alarm"", ""Hangers"", ""Refrigerator"", ""Shower gel"", ""Crib"", ""Air conditioning"", ""Fire extinguisher"", ""Hot water"", ""Long term stays allowed"", ""Backyard""]",True,False,False,False,False,False,True,False,335,1,1125,233,221,66,4.71,4.86,4.75,4.77,4.66,4.81,4.58,True,8,6.72
12556,38865363.0,within an hour,0.94,0.99,False,8.0,True,True,Centro,-22.91508,-43.17807,Hotel room,2,1.0,1.0,1.0,"[""Dryer"", ""Essentials"", ""Washer"", ""Microwave"", ""Smoke alarm"", ""Kitchen"", ""Bed linens"", ""Hair dryer"", ""Luggage dropoff allowed"", ""Shampoo"", ""Oven"", ""Wifi"", ""Carbon monoxide alarm"", ""Hangers"", ""Refrigerator"", ""Shower gel"", ""Crib"", ""Patio or balcony"", ""Air conditioning"", ""Fire extinguisher"", ""Hot water"", ""Long term stays allowed"", ""Backyard""]",True,False,False,False,False,False,True,False,589,1,1125,234,29,5,4.72,4.79,4.66,4.66,4.59,4.76,4.48,True,8,1.42
12557,38866404.0,within an hour,0.94,0.99,False,8.0,True,True,Centro,-22.91332,-43.1794,Hotel room,2,1.0,1.0,1.0,"[""Dryer"", ""Iron"", ""Essentials"", ""Washer"", ""Microwave"", ""Smoke alarm"", ""Kitchen"", ""Bed linens"", ""Hair dryer"", ""Luggage dropoff allowed"", ""Shampoo"", ""Oven"", ""Wifi"", ""Carbon monoxide alarm"", ""Hangers"", ""Refrigerator"", ""Shower gel"", ""Crib"", ""Air conditioning"", ""Fire extinguisher"", ""Hot water"", ""Long term stays allowed"", ""Backyard""]",True,False,False,False,False,False,True,False,603,1,1125,230,4,2,4.75,5.0,5.0,4.25,4.25,5.0,4.5,True,8,0.24
12561,38867334.0,within an hour,0.94,0.99,False,8.0,True,True,Centro,-22.91546,-43.17804,Hotel room,2,1.0,1.0,1.0,"[""Dryer"", ""Iron"", ""Essentials"", ""Washer"", ""Microwave"", ""Smoke alarm"", ""Kitchen"", ""Bed linens"", ""Hair dryer"", ""Luggage dropoff allowed"", ""Shampoo"", ""Oven"", ""Wifi"", ""Carbon monoxide alarm"", ""Hangers"", ""Refrigerator"", ""Shower gel"", ""Crib"", ""Air conditioning"", ""Fire extinguisher"", ""Hot water"", ""Long term stays allowed"", ""Backyard""]",True,False,False,False,False,False,True,False,671,1,1125,223,28,16,4.5,4.64,4.39,4.71,4.54,4.57,4.39,True,8,1.47
14541,43036115.0,unknown,0.0,0.0,False,2.0,True,True,Copacabana,-22.98298,-43.19063,Hotel room,0,2.0,2.0,0.0,"[""House bikes"", ""Smoke alarm"", ""Self-parking \u2014 R$50/stay"", ""32\"" TV"", ""Toiletries"", ""Concierge"", ""Hair dryer"", ""Luggage dropoff allowed"", ""Carbon monoxide alarm"", ""Laundry services"", ""Hangers"", ""Airport shuttle"", ""Free wifi"", ""Minibar"", ""Room service"", ""Safe"", ""Rooftop pool \u2014 outdoor"", ""Air conditioning"", ""Fire extinguisher"", ""First aid kit"", ""Onsite bar \u2014 Lobby Bar"", ""Fitness center"", ""Long term stays allowed"", ""Bed sheets and pillows"", ""Complimentary breakfast""]",False,False,False,False,False,False,True,False,0,1,365,0,0,0,4.72,4.8,4.72,4.88,4.87,4.87,4.68,False,1,0.0
14650,43148322.0,unknown,0.0,0.0,False,8.0,True,True,Barra da Tijuca,-23.00065,-43.41907,Hotel room,0,2.0,2.0,0.0,"[""Smoke alarm"", ""Self-parking \u2014 R$25/day"", ""Rooftop pool with poolside bar \u2014 outdoor, seasonal"", ""Toiletries"", ""Complimentary breakfast buffet"", ""Concierge"", ""Hair dryer"", ""Luggage dropoff allowed"", ""Carbon monoxide alarm"", ""TV"", ""Onsite bar"", ""Laundry services"", ""Valet parking \u2014 R$25/day"", ""Hangers"", ""Free wifi"", ""Minibar"", ""Room service"", ""Safe"", ""Air conditioning"", ""Fire extinguisher"", ""Hot tub"", ""First aid kit"", ""Fitness center"", ""Long term stays allowed"", ""Bed sheets and pillows""]",False,False,False,False,False,False,True,False,0,1,365,0,0,0,4.72,4.8,4.72,4.88,4.87,4.87,4.68,False,1,0.0
14651,43148433.0,unknown,0.0,0.0,False,9.0,True,True,Copacabana,-22.97081,-43.18915,Hotel room,0,2.0,2.0,0.0,"[""Heating"", ""Self-parking \u2014 R$35/day"", ""Smoke alarm"", ""Toiletries"", ""Complimentary breakfast buffet"", ""Concierge"", ""Hair dryer"", ""Luggage dropoff allowed"", ""40\"" TV"", ""Carbon monoxide alarm"", ""Onsite restaurant \u2014 Fidalgo Restaurant"", ""Laundry services"", ""Hangers"", ""Free wifi"", ""Minibar"", ""Room service"", ""Safe"", ""Air conditioning"", ""Fire extinguisher"", ""First aid kit"", ""Onsite bar \u2014 Lobby Bar"", ""Fitness center"", ""Long term stays allowed"", ""Bed sheets and pillows""]",False,False,False,False,False,False,True,False,0,2,365,0,0,0,4.72,4.8,4.72,4.88,4.87,4.87,4.68,False,1,0.0
14696,43247506.0,unknown,0.0,0.0,False,1.0,True,True,Centro,-22.91155,-43.1838,Hotel room,0,2.0,2.0,0.0,"[""Toiletries"", ""Air conditioning"", ""Fire extinguisher"", ""Hangers"", ""Free wifi"", ""Hair dryer"", ""First aid kit"", ""Carbon monoxide alarm"", ""Minibar"", ""Smoke alarm"", ""Fitness center"", ""Outdoor pool"", ""Onsite restaurant \u2014 Granada Restaurant"", ""Safe"", ""Long term stays allowed"", ""Bed sheets and pillows"", ""TV"", ""Onsite bar""]",False,False,False,False,False,False,True,False,0,1,365,0,0,0,4.72,4.8,4.72,4.88,4.87,4.87,4.68,False,1,0.0
14744,43309227.0,unknown,0.0,0.0,False,4.0,True,True,Copacabana,-22.96159,-43.17491,Hotel room,0,2.0,2.0,0.0,"[""Self-parking \u2014 R$40/stay"", ""Smoke alarm"", ""32\"" TV"", ""Toiletries"", ""Complimentary breakfast buffet"", ""Concierge"", ""Hair dryer"", ""Luggage dropoff allowed"", ""Carbon monoxide alarm"", ""Onsite restaurant \u2014 Restaurante Cafe Le Soleil"", ""Onsite bar"", ""Laundry services"", ""Hangers"", ""Free wifi"", ""Minibar"", ""Room service"", ""Safe"", ""Air conditioning"", ""Fire extinguisher"", ""First aid kit"", ""Fitness center"", ""Outdoor pool"", ""Long term stays allowed"", ""Bed sheets and pillows""]",False,False,False,False,False,False,True,False,0,1,365,0,0,0,4.72,4.8,4.72,4.88,4.87,4.87,4.68,False,1,0.0
15272,45736870.0,within an hour,1.0,0.95,False,10.0,True,True,Copacabana,-22.97905,-43.19103,Hotel room,2,1.0,1.0,1.0,"[""Essentials"", ""Long term stays allowed"", ""Fire extinguisher""]",False,False,False,False,False,False,False,False,424,1,365,335,1,1,5.0,4.0,5.0,5.0,5.0,5.0,3.0,True,2,0.33
15308,45636785.0,within an hour,1.0,0.95,False,10.0,True,True,Copacabana,-22.9801,-43.19002,Hotel room,0,2.0,2.0,0.0,"[""Toiletries"", ""Air conditioning"", ""Fire extinguisher"", ""Hangers"", ""Free wifi"", ""Cooking basics"", ""Luggage dropoff allowed"", ""First aid kit"", ""Carbon monoxide alarm"", ""Pets allowed"", ""Smoke alarm"", ""Long term stays allowed"", ""Housekeeping"", ""Bed sheets and pillows"", ""Onsite bar""]",False,False,False,False,False,False,True,False,0,1,28,0,215,82,4.53,4.59,4.56,4.62,4.55,4.92,4.59,False,2,9.92
