,id,host_response_time,host_response_rate,host_acceptance_rate,host_is_superhost,host_listings_count,host_has_profile_pic,host_identity_verified,neighbourhood_cleansed,latitude,longitude,room_type,accommodates,bathrooms_text,bedrooms,beds,wifi,private_entrance,closet,cable_tv,dedicated_workspace,smart_lock,smoke_alarm,security_cameras,price,minimum_nights,maximum_nights,availability_365,number_of_reviews,number_of_reviews_ltm,review_scores_rating,review_scores_accuracy,review_scores_cleanliness,review_scores_checkin,review_scores_communication,review_scores_location,review_scores_value,instant_bookable,calculated_host_listings_count,reviews_per_month
22,865012.0,within an hour,1.0,0.88,True,18,True,True,CuauhtÃ©moc,19.43078,-99.17011,Hotel room,2,1.0,1.0,1.0,True,False,False,True,False,False,True,False,1098.0,2,730,348,31,1,4.97,4.97,4.94,5.0,5.0,4.97,4.97,t,10,0.27
24,865070.0,within a day,0.5,0.0,False,2,True,True,CoyoacÃ¡n,19.34424,-99.17095,Hotel room,2,1.0,1.0,1.0,True,False,False,True,False,False,False,False,600.0,3,15,364,9,0,4.89,5.0,5.0,5.0,5.0,5.0,4.89,f,2,0.08
26,868843.0,within an hour,1.0,0.88,True,18,True,True,CuauhtÃ©moc,19.43068,-99.17007,Hotel room,2,1.0,1.0,1.0,True,False,False,True,False,False,True,False,998.0,2,730,345,44,9,4.98,4.98,4.91,5.0,5.0,5.0,4.89,t,10,0.44
31,869063.0,within an hour,1.0,0.88,True,18,True,True,CuauhtÃ©moc,19.43052,-99.17003,Hotel room,2,1.0,1.0,1.0,True,False,False,True,False,False,True,False,998.0,2,730,327,19,1,4.95,5.0,4.95,5.0,5.0,4.95,4.95,t,10,0.23
45,281134.0,within a few hours,1.0,0.79,True,16,True,True,CuauhtÃ©moc,19.41108,-99.17634,Hotel room,3,1.0,1.0,2.0,True,False,False,True,False,False,False,False,2860.0,1,365,347,7,0,4.71,4.71,5.0,5.0,5.0,5.0,4.86,t,12,0.07
118,1565220.0,within an hour,1.0,0.79,True,8,True,True,Ãlvaro ObregÃ³n,19.34735,-99.19016,Hotel room,2,1.0,1.0,1.0,True,False,False,True,False,False,True,True,2900.0,1,90,356,23,0,4.96,5.0,5.0,5.0,5.0,4.91,4.91,f,7,0.21
121,571166.0,within a few hours,1.0,0.79,True,16,True,True,CuauhtÃ©moc,19.41346,-99.1775,Hotel room,3,1.0,1.0,1.0,True,False,False,True,False,False,False,False,2600.0,1,365,265,1,0,4.0,5.0,5.0,5.0,3.0,5.0,4.0,t,12,0.02
130,1736063.0,within an hour,1.0,0.79,True,8,True,True,Ãlvaro ObregÃ³n,19.34723,-99.19396,Hotel room,2,1.0,1.0,1.0,True,False,False,True,True,False,True,True,1800.0,1,90,358,38,4,4.84,4.78,4.95,4.89,4.89,4.95,4.84,f,7,0.36
173,737328.0,within an hour,1.0,0.88,True,18,True,True,CuauhtÃ©moc,19.43059,-99.17073,Hotel room,2,1.0,1.0,1.0,True,False,False,True,False,False,True,False,1098.0,2,730,324,23,1,4.83,4.87,4.83,5.0,5.0,4.83,4.78,t,10,0.19
177,757338.0,within a day,0.5,0.0,False,2,True,True,CoyoacÃ¡n,19.3454,-99.16951,Hotel room,10,3.0,5.0,0.0,True,False,False,False,False,False,False,False,3180.0,3,8,358,32,0,4.88,4.77,4.84,4.97,5.0,4.97,4.84,f,2,0.27
303,2908932.0,within an hour,1.0,0.99,False,50,True,True,CuauhtÃ©moc,19.42644,-99.161,Hotel room,4,1.0,2.0,3.0,True,False,False,False,False,False,False,False,998.0,2,1125,206,4,0,4.5,5.0,5.0,4.5,5.0,5.0,4.75,t,49,0.09
634,6810808.0,within a few hours,0.87,0.36,False,59,True,True,CuauhtÃ©moc,19.42368,-99.17148,Hotel room,16,1.0,50.0,50.0,True,False,False,True,False,False,True,False,4493.0,1,1125,365,7,2,3.71,3.86,3.86,4.33,3.86,3.86,3.57,t,19,0.08
835,9171973.0,within an hour,0.97,0.95,False,27,True,False,Miguel Hidalgo,19.40033,-99.25303,Hotel room,2,1.0,1.0,1.0,True,False,False,True,True,False,True,False,1023.0,2,1125,360,36,0,4.83,4.92,4.92,4.86,4.8,4.97,4.74,t,26,0.46
1074,11491144.0,within a few hours,0.87,0.36,False,59,True,True,CuauhtÃ©moc,19.42456,-99.17179,Hotel room,16,1.0,10.0,10.0,True,False,False,True,False,False,True,False,1797.0,1,1125,365,0,0,4.7,4.78,4.75,4.83,4.81,4.84,4.72,t,19,0.0
1079,11507601.0,within a few hours,0.87,0.36,False,59,True,True,CuauhtÃ©moc,19.42543,-99.17176,Hotel room,16,1.0,20.0,20.0,True,False,False,True,False,False,True,False,1797.0,1,1125,355,2,0,5.0,5.0,5.0,5.0,5.0,5.0,5.0,f,19,0.04
1192,12008058.0,within an hour,1.0,1.0,False,2,True,True,Miguel Hidalgo,19.4282,-99.19292,Hotel room,4,2.0,2.0,3.0,True,False,False,True,False,False,True,False,5032.0,1,1125,343,34,12,4.91,4.91,4.94,5.0,4.91,4.97,4.79,t,2,0.47
1200,11865463.0,within an hour,1.0,1.0,True,10,True,True,CoyoacÃ¡n,19.35187,-99.16605,Hotel room,4,1.0,1.0,2.0,True,False,False,True,False,False,False,False,2200.0,1,1125,278,7,1,5.0,5.0,5.0,5.0,5.0,5.0,4.86,t,10,0.09
1206,11891097.0,within an hour,1.0,1.0,True,10,True,True,CoyoacÃ¡n,19.35185,-99.16608,Hotel room,5,1.0,1.0,3.0,True,False,False,True,False,False,False,False,2200.0,1,1125,273,3,1,5.0,5.0,5.0,5.0,5.0,5.0,5.0,t,10,0.04
1210,11905914.0,within an hour,1.0,1.0,True,10,True,True,CoyoacÃ¡n,19.35221,-99.16585,Hotel room,2,1.0,1.0,1.0,True,False,False,True,False,False,False,False,2100.0,1,1125,282,1,0,5.0,5.0,5.0,5.0,5.0,5.0,5.0,t,10,0.01
1213,11912604.0,within an hour,1.0,1.0,True,10,True,True,CoyoacÃ¡n,19.35221,-99.16585,Hotel room,3,1.0,2.0,2.0,True,False,False,True,False,False,False,False,2200.0,1,1125,291,1,0,5.0,5.0,5.0,5.0,5.0,5.0,5.0,t,10,0.02
1417,13587715.0,within an hour,1.0,1.0,True,5,True,True,CuauhtÃ©moc,19.40315,-99.17053,Hotel room,2,1.0,1.0,1.0,True,False,False,True,True,False,False,True,585.0,3,1125,343,91,29,4.87,4.92,4.94,4.96,4.92,4.96,4.9,t,5,1.88
2247,16840020.0,within an hour,1.0,0.88,False,16,True,True,Ãlvaro ObregÃ³n,19.36133,-99.18829,Hotel room,6,1.0,1.0,5.0,True,False,False,False,False,False,False,True,1999.0,1,30,365,22,3,4.36,4.68,4.68,4.82,4.82,4.91,4.59,t,16,0.32
2255,16842742.0,within a few hours,1.0,0.92,False,8,True,True,Ãlvaro ObregÃ³n,19.35765,-99.17713,Hotel room,1,1.0,1.0,1.0,True,False,False,False,False,False,True,False,949.0,1,1125,362,26,1,4.58,4.65,4.73,4.69,4.77,4.81,4.5,t,8,0.6
2449,17777234.0,within a few hours,0.87,0.36,False,59,True,True,CuauhtÃ©moc,19.42632,-99.17102,Hotel room,16,50.0,50.0,50.0,True,False,False,False,False,False,True,False,7788.0,1,1125,365,0,0,4.7,4.78,4.75,4.83,4.81,4.84,4.72,t,19,0.0
3062,19945397.0,unknown,0.0,1.0,False,2,True,False,Miguel Hidalgo,19.42723,-99.19667,Hotel room,4,1.0,2.0,2.0,True,False,False,False,False,False,False,False,39939.0,1,115,360,11,1,4.82,4.91,4.91,5.0,5.0,5.0,4.64,t,2,0.18
3522,21681686.0,within an hour,1.0,0.98,False,15,True,True,CuauhtÃ©moc,19.42274,-99.15883,Hotel room,2,1.0,1.0,1.0,True,False,False,False,False,False,True,True,1243.0,1,120,73,118,49,4.87,4.9,4.8,4.83,4.86,4.99,4.84,t,12,2.16
3743,22321037.0,unknown,0.0,0.0,False,1,True,True,Benito JuÃ¡rez,19.39605,-99.17686,Hotel room,4,2.0,2.0,3.0,True,False,True,False,False,False,False,False,10000.0,1,1125,89,1,0,5.0,5.0,5.0,5.0,5.0,5.0,5.0,t,1,0.03
3964,23059446.0,within an hour,1.0,0.98,False,35,True,True,CuauhtÃ©moc,19.42331,-99.16816,Hotel room,2,1.0,1.0,1.0,True,False,True,True,False,False,True,True,1250.0,1,360,365,50,0,4.5,4.82,4.62,4.9,4.68,5.0,4.56,t,35,0.89
3969,23077162.0,within an hour,1.0,0.98,False,35,True,True,CuauhtÃ©moc,19.42329,-99.16814,Hotel room,2,1.0,1.0,1.0,True,False,True,True,False,False,True,True,1250.0,1,360,345,42,0,4.55,4.83,4.76,4.79,4.55,4.98,4.69,t,35,0.74
3981,23103056.0,within an hour,1.0,0.98,False,35,True,True,CuauhtÃ©moc,19.42331,-99.16816,Hotel room,2,1.0,1.0,1.0,True,False,True,True,False,False,True,True,1250.0,1,360,365,27,0,4.56,4.63,4.74,4.81,4.52,4.89,4.59,t,35,0.49
4005,23149529.0,within an hour,1.0,0.98,False,35,True,True,CuauhtÃ©moc,19.42357,-99.16805,Hotel room,2,1.0,1.0,1.0,True,False,True,True,False,False,True,True,1100.0,1,360,345,96,7,4.56,4.67,4.75,4.71,4.64,4.82,4.49,t,35,1.71
4009,23150278.0,within an hour,1.0,0.98,False,35,True,True,CuauhtÃ©moc,19.42329,-99.16814,Hotel room,2,1.0,1.0,1.0,True,False,True,True,False,False,True,True,1350.0,1,360,345,22,1,4.55,4.68,4.64,4.86,4.41,4.91,4.5,t,35,0.39
4040,23202761.0,within an hour,1.0,0.98,False,35,True,True,CuauhtÃ©moc,19.42357,-99.16805,Hotel room,2,1.0,1.0,1.0,True,False,True,True,False,False,True,True,1150.0,1,360,365,81,3,4.6,4.78,4.88,4.74,4.62,4.95,4.62,t,35,1.44
4114,23500896.0,within an hour,1.0,0.98,False,15,True,True,CuauhtÃ©moc,19.42234,-99.16106,Hotel room,2,1.0,1.0,1.0,True,False,False,False,False,False,True,True,1243.0,1,120,117,85,23,4.73,4.61,4.81,4.83,4.73,4.94,4.76,t,12,1.56
4316,23924789.0,within an hour,1.0,1.0,False,28,True,False,CuauhtÃ©moc,19.42498,-99.16867,Hotel room,2,1.0,1.0,1.0,True,False,False,False,False,False,True,True,1990.0,1,1125,357,13,1,4.23,4.08,4.85,4.69,4.77,5.0,3.77,t,11,0.24
4338,23957804.0,within an hour,1.0,1.0,False,28,True,False,CuauhtÃ©moc,19.42565,-99.1697,Hotel room,2,1.0,2.0,1.0,True,False,False,False,False,False,True,False,1990.0,1,1125,357,9,0,4.0,4.11,4.89,4.44,4.56,4.89,4.22,t,11,0.16
4343,23958426.0,within an hour,1.0,1.0,True,37,True,True,CuauhtÃ©moc,19.42658,-99.17046,Hotel room,2,1.0,2.0,1.0,True,False,False,True,False,False,True,False,1990.0,1,1125,357,13,2,4.92,4.77,5.0,4.85,5.0,5.0,4.77,t,15,0.24
4345,23958598.0,within an hour,1.0,1.0,True,37,True,True,CuauhtÃ©moc,19.42599,-99.17044,Hotel room,2,1.0,2.0,1.0,True,False,False,False,False,False,True,False,1990.0,1,1125,357,11,1,4.55,4.73,4.91,4.55,4.64,4.91,4.73,t,15,0.21
4349,23959123.0,within an hour,1.0,1.0,True,37,True,True,CuauhtÃ©moc,19.42669,-99.16958,Hotel room,2,1.0,2.0,1.0,True,False,False,False,False,False,True,False,1990.0,1,1125,357,16,1,4.63,4.5,4.69,4.75,4.94,4.88,4.44,t,15,0.29
4719,25554968.0,within an hour,0.98,0.99,False,5,True,True,CuauhtÃ©moc,19.42491,-99.17542,Hotel room,3,1.0,1.0,1.0,True,False,True,True,False,False,True,True,1166.0,2,1125,346,1,0,4.0,3.0,5.0,2.0,2.0,4.0,4.0,t,5,0.02
4721,25555713.0,within an hour,0.98,0.99,False,5,True,True,CuauhtÃ©moc,19.42491,-99.17542,Hotel room,3,1.0,1.0,1.0,True,False,True,True,False,False,True,True,971.0,2,1125,349,21,20,4.52,4.43,4.48,4.86,4.24,4.81,4.81,t,5,0.44
4723,25555836.0,within an hour,1.0,1.0,False,5,True,True,Miguel Hidalgo,19.42819,-99.18908,Hotel room,2,1.0,1.0,1.0,True,False,False,True,True,False,True,True,1940.0,2,1125,337,3,0,4.67,4.67,4.67,4.67,4.67,4.67,4.67,t,5,0.17
4725,25556159.0,within an hour,1.0,1.0,False,5,True,True,Miguel Hidalgo,19.42819,-99.18908,Hotel room,2,1.0,1.0,1.0,True,False,True,True,True,False,True,True,1746.0,2,1125,334,16,13,4.38,4.56,4.63,4.75,4.44,5.0,4.38,t,5,1.06
4726,25556522.0,within an hour,0.98,0.99,False,5,True,True,CuauhtÃ©moc,19.42491,-99.17542,Hotel room,3,1.0,1.0,2.0,True,False,True,True,True,False,True,True,971.0,2,1125,358,94,94,4.79,4.78,4.68,4.89,4.6,4.96,4.78,t,5,11.65
4728,25557424.0,within an hour,0.98,0.99,False,5,True,True,CuauhtÃ©moc,19.42491,-99.17542,Hotel room,4,1.0,2.0,3.0,True,False,True,True,False,False,True,True,1360.0,2,1125,294,29,28,4.9,4.9,4.66,4.9,4.69,4.93,4.86,t,5,0.61
4730,25558048.0,within an hour,1.0,1.0,False,5,True,True,Miguel Hidalgo,19.428185,-99.189079,Hotel room,4,1.0,2.0,3.0,True,False,False,True,True,False,True,True,2367.0,2,1125,342,9,9,4.78,4.56,4.78,4.44,4.44,4.89,4.78,t,5,0.83
4731,25558231.0,within an hour,0.98,0.99,False,5,True,True,CuauhtÃ©moc,19.42491,-99.17542,Hotel room,4,1.0,2.0,3.0,True,False,True,True,True,False,True,True,1554.0,2,1125,322,12,11,4.91,4.91,4.55,4.91,4.82,5.0,4.91,t,5,0.25
4733,25558602.0,within an hour,1.0,1.0,False,5,True,True,Miguel Hidalgo,19.42819,-99.18908,Hotel room,2,1.0,1.0,1.0,True,False,False,True,True,False,True,True,1746.0,2,1125,353,3,3,4.0,4.0,4.0,4.67,3.0,4.67,4.0,t,5,0.37
4734,25574038.0,within an hour,1.0,0.98,False,35,True,True,CuauhtÃ©moc,19.42444,-99.16786,Hotel room,2,1.0,1.0,1.0,True,False,True,True,False,False,True,True,1450.0,1,360,365,0,0,4.7,4.78,4.75,4.83,4.81,4.84,4.72,t,35,0.0
4738,25574051.0,within an hour,1.0,0.98,False,35,True,True,CuauhtÃ©moc,19.42423,-99.16712,Hotel room,2,1.0,1.0,1.0,True,False,True,True,False,False,True,True,1150.0,1,360,345,4,2,5.0,4.75,5.0,4.75,4.75,4.75,4.75,t,35,0.09
4740,25574102.0,within an hour,1.0,0.98,False,35,True,True,CuauhtÃ©moc,19.42331,-99.16816,Hotel room,2,1.0,1.0,1.0,True,False,True,True,False,False,True,True,1350.0,1,360,365,0,0,4.7,4.78,4.75,4.83,4.81,4.84,4.72,t,35,0.0
4742,25574147.0,within an hour,1.0,0.98,False,35,True,True,CuauhtÃ©moc,19.42407,-99.16732,Hotel room,2,1.0,1.0,2.0,True,False,True,True,False,False,True,True,1150.0,1,1125,345,11,2,4.82,4.82,5.0,5.0,4.82,5.0,4.73,t,35,0.26
4744,25574163.0,within an hour,1.0,0.98,False,35,True,True,CuauhtÃ©moc,19.42297,-99.16698,Hotel room,2,1.0,1.0,1.0,True,False,True,True,False,False,True,True,1150.0,1,360,345,3,2,5.0,5.0,5.0,4.67,5.0,5.0,5.0,t,35,0.12
4747,25574472.0,within an hour,1.0,0.98,False,35,True,True,CuauhtÃ©moc,19.42253,-99.16868,Hotel room,2,1.0,1.0,1.0,True,False,True,True,True,False,True,True,1450.0,1,360,345,8,3,4.0,4.25,3.75,4.88,4.25,4.63,4.0,t,35,0.17
4751,25576177.0,within an hour,1.0,0.98,False,35,True,True,CuauhtÃ©moc,19.42331,-99.16816,Hotel room,2,1.0,1.0,1.0,True,False,False,True,False,False,True,True,1350.0,1,360,364,7,0,4.71,4.71,5.0,4.57,4.57,5.0,4.57,t,35,0.16
4753,25577225.0,within an hour,1.0,0.98,False,35,True,True,CuauhtÃ©moc,19.42394,-99.16908,Hotel room,2,1.0,1.0,1.0,True,False,True,False,False,False,True,True,1250.0,1,1125,364,4,0,4.25,4.5,5.0,5.0,4.75,5.0,4.5,t,35,0.09
4768,25611198.0,unknown,0.0,0.0,False,1,True,True,CoyoacÃ¡n,19.34173,-99.15865,Hotel room,2,1.0,1.0,1.0,True,False,False,False,False,False,True,False,450.0,1,29,88,1,0,1.0,1.0,1.0,1.0,1.0,1.0,1.0,f,1,0.02
4836,26223778.0,within a day,0.7,0.98,False,4,True,True,Miguel Hidalgo,19.43264,-99.18951,Hotel room,5,1.0,2.0,1.0,True,False,True,True,True,False,True,True,3201.0,1,1125,342,5,5,4.6,5.0,4.8,4.6,4.8,5.0,4.6,t,4,0.46
4837,26224319.0,within a day,0.7,0.98,False,4,True,True,Miguel Hidalgo,19.43264,-99.18951,Hotel room,3,1.0,1.0,2.0,True,False,True,True,True,False,True,True,2425.0,1,1125,345,3,1,5.0,5.0,5.0,5.0,5.0,5.0,5.0,t,4,0.18
4840,26224456.0,within a day,0.7,0.98,False,4,True,True,Miguel Hidalgo,19.43264,-99.18951,Hotel room,3,1.0,1.0,1.0,True,False,True,False,True,False,True,True,2425.0,1,1125,354,22,22,4.86,4.95,4.91,5.0,4.55,5.0,4.82,t,4,2.01
4842,26224530.0,within a day,0.7,0.98,False,4,True,True,Miguel Hidalgo,19.43264,-99.18951,Hotel room,5,1.0,2.0,3.0,True,False,True,True,True,False,True,True,2813.0,1,1125,329,14,13,4.86,4.93,4.64,4.79,4.5,5.0,4.86,f,4,0.93
4917,26528745.0,within an hour,1.0,0.99,True,3,True,True,CuauhtÃ©moc,19.416353,-99.175163,Hotel room,2,1.0,1.0,1.0,True,False,False,False,False,False,False,False,762.0,1,1125,65,209,83,4.79,4.94,4.9,4.98,4.89,4.98,4.78,t,3,4.21
4929,26386639.0,within an hour,1.0,0.97,True,5,True,True,CoyoacÃ¡n,19.33847,-99.17698,Hotel room,2,1.0,1.0,0.0,False,False,True,False,True,False,True,False,750.0,1,1125,264,13,2,4.62,4.62,4.69,4.69,4.62,4.85,4.62,f,5,0.27
4947,26423855.0,within an hour,1.0,0.99,True,3,True,True,CuauhtÃ©moc,19.41718,-99.17406,Hotel room,2,1.0,1.0,1.0,True,False,False,True,False,False,False,False,896.0,1,1125,59,141,50,4.8,4.85,4.82,4.87,4.84,4.96,4.84,t,3,2.76
4979,26686678.0,within an hour,1.0,0.97,True,5,True,True,CoyoacÃ¡n,19.33937,-99.17681,Hotel room,4,1.0,1.0,2.0,False,False,True,False,True,False,True,True,800.0,1,1125,12,44,8,4.77,4.73,4.8,4.91,4.84,4.89,4.64,f,5,0.9
5135,27426950.0,within an hour,1.0,1.0,True,2,True,True,Iztacalco,19.40101,-99.08155,Hotel room,2,1.0,1.0,1.0,False,False,False,True,True,False,False,False,800.0,1,1125,343,29,11,5.0,4.97,4.86,5.0,4.9,4.93,4.93,t,2,0.58
5296,27778699.0,within an hour,1.0,0.88,False,16,True,True,Ãlvaro ObregÃ³n,19.36071,-99.18928,Hotel room,6,1.0,1.0,5.0,True,False,False,False,False,False,False,True,1999.0,1,1125,314,4,1,3.5,3.75,3.5,3.25,2.5,3.75,3.5,t,16,0.09
5414,28537662.0,a few days or more,0.33,1.0,False,3,True,False,CuauhtÃ©moc,19.42684,-99.16828,Hotel room,2,1.0,1.0,1.0,True,False,False,False,False,False,False,True,1700.0,1,1125,364,15,3,4.93,4.87,4.93,5.0,5.0,5.0,4.73,f,3,0.31
5622,28987591.0,within an hour,1.0,0.8,True,40,True,True,CuauhtÃ©moc,19.43646,-99.13123,Hotel room,4,1.0,1.0,1.0,True,False,False,False,True,False,True,True,1262.0,1,1125,0,10,0,4.6,4.7,5.0,4.8,5.0,5.0,4.8,f,36,0.22
5625,28987829.0,within an hour,1.0,0.8,True,40,True,True,CuauhtÃ©moc,19.43646,-99.13123,Hotel room,8,1.0,2.0,2.0,True,False,False,False,True,False,True,False,5769.0,1,1125,313,10,0,4.5,4.8,4.8,4.8,4.6,4.5,4.6,f,36,0.21
5652,29009903.0,within an hour,1.0,0.98,False,25,True,True,Benito JuÃ¡rez,19.39599,-99.17262,Hotel room,2,1.0,1.0,1.0,True,False,False,False,False,False,True,False,1900.0,1,50,365,0,0,4.7,4.78,4.75,4.83,4.81,4.84,4.72,t,20,0.0
5654,29011582.0,within an hour,1.0,0.98,False,25,True,True,Benito JuÃ¡rez,19.39599,-99.17262,Hotel room,2,1.0,1.0,1.0,True,False,False,False,False,False,True,False,1900.0,1,40,365,0,0,4.7,4.78,4.75,4.83,4.81,4.84,4.72,t,20,0.0
5778,29574790.0,within an hour,0.99,1.0,True,32,True,True,CuauhtÃ©moc,19.41092,-99.16882,Hotel room,2,1.0,1.0,1.0,True,False,False,False,False,False,True,False,1529.0,2,1125,17,111,41,4.92,4.97,4.98,4.86,4.93,5.0,4.87,f,21,2.33
6060,31054539.0,within an hour,1.0,1.0,True,5,True,True,CuauhtÃ©moc,19.40307,-99.1705,Hotel room,2,1.0,1.0,1.0,True,False,False,False,True,False,False,True,399.0,3,1125,296,133,41,4.79,4.93,4.86,4.94,4.88,4.92,4.85,t,5,2.93
6197,31307371.0,within an hour,1.0,1.0,False,12,True,True,Miguel Hidalgo,19.45618,-99.17889,Hotel room,6,1.0,1.0,1.0,True,False,False,False,True,False,True,True,600.0,1,30,85,5,1,3.8,4.0,4.6,4.2,4.2,4.4,3.4,t,12,0.12
6199,31307837.0,within an hour,1.0,1.0,False,12,True,True,Miguel Hidalgo,19.45618,-99.17889,Hotel room,4,1.0,1.0,2.0,True,False,False,False,True,False,True,True,600.0,1,30,90,1,1,5.0,5.0,4.0,5.0,5.0,5.0,5.0,t,12,0.14
6210,31311837.0,within an hour,1.0,1.0,False,12,True,True,Miguel Hidalgo,19.45618,-99.17889,Hotel room,5,1.0,1.0,2.0,True,False,False,False,True,False,True,True,600.0,1,30,350,7,2,4.29,4.43,4.43,4.14,4.29,4.29,4.43,t,12,0.16
6211,31312409.0,within an hour,1.0,1.0,False,12,True,True,Miguel Hidalgo,19.45618,-99.17889,Hotel room,6,1.0,1.0,2.0,True,False,False,False,True,False,True,True,600.0,1,30,63,6,0,3.83,4.0,4.67,4.5,4.17,4.17,4.17,t,12,0.13
6212,31312417.0,within an hour,1.0,1.0,False,12,True,True,Miguel Hidalgo,19.45618,-99.17889,Hotel room,4,1.0,1.0,1.0,True,False,False,False,True,False,True,True,600.0,1,30,95,6,1,4.5,4.67,4.5,5.0,5.0,4.83,4.67,t,12,0.15
6214,31314962.0,within an hour,1.0,1.0,False,12,True,True,Miguel Hidalgo,19.45702,-99.17842,Hotel room,3,1.0,1.0,1.0,True,False,False,False,True,False,False,False,500.0,1,30,357,4,3,4.0,3.75,4.0,4.0,4.0,3.5,4.0,t,12,0.12
6215,31315138.0,within an hour,1.0,1.0,False,12,True,True,Miguel Hidalgo,19.45618,-99.17889,Hotel room,2,1.0,1.0,1.0,True,False,False,False,True,False,True,True,500.0,1,30,363,3,3,3.33,3.0,3.67,3.33,3.33,3.33,2.67,t,12,0.28
6217,31315549.0,within an hour,1.0,1.0,False,12,True,True,Miguel Hidalgo,19.45618,-99.17889,Hotel room,2,1.0,1.0,1.0,True,False,False,False,True,False,True,True,500.0,1,30,360,10,10,4.5,4.6,4.7,4.4,4.6,4.4,4.3,t,12,0.92
6218,31315704.0,within an hour,1.0,1.0,False,12,True,True,Miguel Hidalgo,19.45618,-99.17889,Hotel room,3,1.0,1.0,1.0,True,False,False,False,True,False,True,True,500.0,1,30,365,1,0,4.0,5.0,5.0,5.0,5.0,5.0,3.0,t,12,0.03
6220,31315705.0,within an hour,1.0,1.0,False,12,True,True,Miguel Hidalgo,19.45618,-99.17889,Hotel room,2,1.0,1.0,1.0,True,False,False,False,False,False,True,True,400.0,1,30,0,2,0,4.0,4.0,5.0,4.0,3.0,4.0,4.5,t,12,0.06
6222,31315726.0,within an hour,1.0,1.0,False,12,True,True,Miguel Hidalgo,19.45618,-99.17889,Hotel room,4,1.0,1.0,2.0,True,False,False,False,True,False,True,True,500.0,1,30,348,3,3,5.0,5.0,5.0,5.0,5.0,5.0,4.67,t,12,0.57
6223,31315727.0,within an hour,1.0,1.0,False,12,True,True,Miguel Hidalgo,19.45618,-99.17889,Hotel room,2,1.0,1.0,1.0,True,False,False,False,True,False,True,True,500.0,1,30,358,13,4,4.54,4.85,4.31,4.92,4.77,4.77,4.38,t,12,0.3
6244,31557538.0,within an hour,0.9,1.0,False,4,True,False,Benito JuÃ¡rez,19.39385,-99.17739,Hotel room,2,1.0,1.0,1.0,True,False,False,False,False,False,True,True,2000.0,1,60,365,2,1,4.5,5.0,5.0,5.0,5.0,5.0,5.0,t,4,0.05
6301,31410452.0,within an hour,1.0,0.99,True,3,True,True,CuauhtÃ©moc,19.41741,-99.1749,Hotel room,4,1.0,2.0,2.0,True,False,False,True,False,False,False,True,1100.0,1,1125,162,116,72,4.77,4.91,4.88,4.97,4.78,4.97,4.83,t,3,2.58
6356,31468145.0,within a few hours,1.0,0.82,True,7,True,True,Miguel Hidalgo,19.42512,-99.22236,Hotel room,1,1.0,1.0,1.0,True,False,False,False,False,False,True,True,500.0,1,360,365,34,24,4.65,4.74,4.56,4.85,4.62,5.0,4.76,f,7,1.08
6450,32105928.0,within an hour,1.0,1.0,True,7,True,True,CoyoacÃ¡n,19.34856,-99.16461,Hotel room,4,1.0,1.0,2.0,True,False,False,True,False,False,True,True,2100.0,1,365,303,23,11,5.0,5.0,5.0,5.0,5.0,5.0,5.0,t,7,0.53
6540,32010326.0,unknown,0.0,0.5,False,5,True,True,Benito JuÃ¡rez,19.36973,-99.18815,Hotel room,2,1.0,1.0,1.0,True,False,False,False,False,False,False,False,1190.0,1,152,365,1,0,5.0,5.0,5.0,5.0,5.0,5.0,5.0,t,5,0.02
6597,32343685.0,within an hour,1.0,1.0,True,7,True,True,CuauhtÃ©moc,19.43333,-99.13457,Hotel room,2,1.0,1.0,1.0,True,False,False,False,False,False,True,True,2909.0,1,370,326,7,2,5.0,5.0,5.0,5.0,5.0,5.0,5.0,t,7,0.28
6601,32526275.0,within an hour,1.0,1.0,True,1,True,True,Tlalpan,19.2777,-99.20498,Hotel room,3,1.0,2.0,2.0,True,False,False,False,False,False,False,False,501.0,3,30,150,48,13,4.85,4.94,4.81,4.88,4.83,4.77,4.96,t,1,1.2
6603,32527606.0,within an hour,1.0,1.0,True,37,True,True,CuauhtÃ©moc,19.42429,-99.17142,Hotel room,2,1.0,2.0,1.0,True,False,False,False,False,False,True,False,1994.0,1,1125,357,3,0,4.67,4.67,5.0,5.0,5.0,5.0,4.67,t,15,0.11
6608,32356379.0,within an hour,0.9,1.0,False,4,True,False,Benito JuÃ¡rez,19.39404,-99.17642,Hotel room,2,1.0,1.0,1.0,True,False,False,False,True,False,True,False,2400.0,1,365,365,1,0,5.0,5.0,5.0,5.0,5.0,5.0,5.0,t,4,0.04
6610,32356565.0,within an hour,0.9,1.0,False,4,True,False,Benito JuÃ¡rez,19.39374,-99.17624,Hotel room,2,1.0,1.0,1.0,True,False,False,False,True,False,True,False,1770.0,1,365,365,3,2,5.0,5.0,5.0,5.0,4.67,5.0,4.67,t,4,0.07
6611,32356600.0,within an hour,0.9,1.0,False,4,True,False,Benito JuÃ¡rez,19.39195,-99.17586,Hotel room,2,1.0,1.0,2.0,True,False,False,False,True,False,True,False,1770.0,1,365,365,0,0,4.7,4.78,4.75,4.83,4.81,4.84,4.72,t,4,0.0
6765,32835685.0,within an hour,1.0,0.97,False,1,True,True,CoyoacÃ¡n,19.33961,-99.14962,Hotel room,2,1.0,1.0,1.0,True,False,False,False,True,False,False,True,200.0,2,1125,362,26,20,4.5,4.62,4.23,4.77,4.73,4.88,4.73,f,1,0.71
6772,32842972.0,within an hour,1.0,1.0,False,112,True,True,CuauhtÃ©moc,19.43965,-99.14448,Hotel room,1,1.5,1.0,1.0,True,False,False,False,True,False,True,True,270.0,1,1125,362,18,2,4.61,4.83,4.17,4.89,4.56,4.67,4.61,t,23,0.42
6774,32843504.0,within an hour,1.0,1.0,False,112,True,True,CuauhtÃ©moc,19.44077,-99.14593,Hotel room,1,1.5,1.0,1.0,True,False,False,False,True,False,True,True,284.0,1,1125,361,62,36,4.61,4.74,4.39,4.76,4.71,4.77,4.69,t,23,1.44
6776,32843672.0,within an hour,1.0,1.0,False,112,True,True,CuauhtÃ©moc,19.44062,-99.14394,Hotel room,1,1.0,1.0,1.0,True,False,False,False,True,False,True,True,270.0,1,1125,362,47,7,4.62,4.79,4.53,4.87,4.64,4.72,4.68,t,23,1.1
6778,32843914.0,within an hour,1.0,1.0,False,112,True,True,CuauhtÃ©moc,19.4395,-99.14378,Hotel room,1,1.5,1.0,1.0,True,False,False,False,True,False,True,True,271.0,1,1125,345,36,16,4.81,4.92,4.67,4.89,4.94,4.81,4.92,t,23,0.84
6781,32844871.0,within an hour,1.0,1.0,False,112,True,True,CuauhtÃ©moc,19.44028,-99.14596,Hotel room,1,1.5,1.0,1.0,True,False,False,False,True,False,True,True,271.0,1,1125,360,7,2,4.43,4.71,4.29,4.86,4.86,4.57,4.43,t,23,0.16
6784,32845239.0,within an hour,1.0,1.0,False,112,True,True,CuauhtÃ©moc,19.44114,-99.14458,Hotel room,1,1.0,1.0,1.0,True,False,False,False,True,False,True,True,276.0,1,1125,356,66,6,4.62,4.88,4.39,4.94,4.89,4.83,4.73,t,23,1.55
6828,33098438.0,within a day,0.5,1.0,False,2,True,True,Benito JuÃ¡rez,19.39733,-99.16572,Hotel room,4,2.5,2.0,2.0,True,False,False,False,False,False,False,True,1000.0,30,365,87,0,0,4.7,4.78,4.75,4.83,4.81,4.84,4.72,f,1,0.0
6907,33246931.0,within an hour,1.0,1.0,False,14,True,True,Miguel Hidalgo,19.43606,-99.19521,Hotel room,4,1.0,2.0,2.0,True,False,True,False,False,False,True,True,1200.0,3,1125,0,0,0,4.7,4.78,4.75,4.83,4.81,4.84,4.72,f,8,0.0
6981,33366224.0,unknown,0.0,0.5,False,5,True,True,Benito JuÃ¡rez,19.37099,-99.18776,Hotel room,2,1.0,1.0,1.0,True,False,False,False,False,False,False,False,880.0,1,600,83,1,0,5.0,5.0,5.0,5.0,5.0,5.0,5.0,t,5,0.03
6983,33366824.0,unknown,0.0,0.5,False,5,True,True,Benito JuÃ¡rez,19.37123,-99.18814,Hotel room,2,1.0,1.0,1.0,True,False,False,True,False,False,False,False,790.0,1,700,264,4,0,5.0,5.0,5.0,5.0,4.75,5.0,5.0,t,5,0.1
6984,33367267.0,unknown,0.0,0.5,False,5,True,True,Benito JuÃ¡rez,19.37109,-99.18977,Hotel room,2,1.0,1.0,1.0,True,False,False,False,False,False,False,False,890.0,1,600,83,2,1,5.0,5.0,5.0,5.0,5.0,5.0,5.0,t,5,0.06
6991,33370974.0,within an hour,1.0,1.0,False,112,True,True,CuauhtÃ©moc,19.44056,-99.14384,Hotel room,1,1.5,1.0,1.0,True,False,False,False,True,False,False,True,234.0,1,1125,361,71,51,4.65,4.68,4.42,4.87,4.82,4.8,4.68,t,23,1.69
7000,33612766.0,within a few hours,0.71,0.93,False,5,True,True,CuauhtÃ©moc,19.40741,-99.13596,Hotel room,1,1.0,1.0,8.0,True,False,False,True,False,False,True,True,260.0,1,31,179,1,0,5.0,5.0,5.0,5.0,5.0,5.0,5.0,f,5,0.03
7027,33644111.0,within an hour,1.0,1.0,True,6,True,True,CuauhtÃ©moc,19.41425,-99.16339,Hotel room,2,1.0,1.0,1.0,True,False,False,False,False,False,True,True,7988.0,10,29,311,0,0,4.7,4.78,4.75,4.83,4.81,4.84,4.72,t,6,0.0
7080,33720782.0,within an hour,1.0,0.95,False,8,True,True,Miguel Hidalgo,19.41337,-99.18208,Hotel room,2,1.5,1.0,1.0,True,False,False,False,False,False,True,True,950.0,2,1125,328,9,4,4.89,4.33,4.56,5.0,4.56,4.67,4.56,t,7,0.23
7209,34180504.0,within an hour,1.0,1.0,False,4,True,True,CuauhtÃ©moc,19.42951,-99.13864,Hotel room,2,1.0,1.0,1.0,True,False,False,False,False,False,True,True,2144.0,1,1125,303,1,0,0.0,4.78,4.75,4.83,4.81,4.84,4.72,t,4,0.03
7249,34305556.0,within an hour,1.0,0.88,False,16,True,True,Ãlvaro ObregÃ³n,19.36207,-99.18787,Hotel room,2,1.0,1.0,1.0,True,False,False,False,False,False,False,True,1099.0,1,1125,365,0,0,4.7,4.78,4.75,4.83,4.81,4.84,4.72,t,16,0.0
7268,34596040.0,within an hour,1.0,1.0,False,112,True,True,CuauhtÃ©moc,19.44258,-99.1431,Hotel room,1,1.5,1.0,1.0,True,False,False,False,True,False,True,True,271.0,1,1125,362,2,0,5.0,5.0,5.0,5.0,5.0,5.0,5.0,t,23,0.05
7278,34368867.0,within a few hours,0.71,0.93,False,5,True,True,CuauhtÃ©moc,19.411,-99.13267,Hotel room,1,1.0,1.0,1.0,True,False,False,True,False,False,True,False,250.0,1,31,178,2,0,5.0,5.0,5.0,5.0,5.0,5.0,5.0,t,5,0.06
7280,34368892.0,within a few hours,0.71,0.93,False,5,True,True,CuauhtÃ©moc,19.40991,-99.13501,Hotel room,1,2.0,1.0,8.0,True,False,False,True,False,False,True,False,250.0,1,31,179,1,1,5.0,5.0,5.0,4.0,5.0,5.0,5.0,f,5,0.39
7281,34368906.0,within a few hours,0.71,0.93,False,5,True,True,CuauhtÃ©moc,19.40959,-99.13478,Hotel room,1,2.0,1.0,8.0,True,False,False,True,False,False,True,False,250.0,1,31,180,2,2,4.0,4.5,3.5,5.0,5.0,4.0,5.0,t,5,0.19
7282,34368926.0,within a few hours,0.71,0.93,False,5,True,True,CuauhtÃ©moc,19.4099,-99.13487,Hotel room,1,2.0,1.0,8.0,True,False,False,True,False,False,True,False,250.0,1,31,180,2,0,3.0,2.5,3.0,2.5,3.0,2.0,3.0,f,5,0.06
7285,34621455.0,within a few hours,1.0,0.79,True,16,True,True,CuauhtÃ©moc,19.41008,-99.17827,Hotel room,3,1.0,1.0,1.0,True,False,False,True,False,False,False,False,2600.0,1,365,332,0,0,4.7,4.78,4.75,4.83,4.81,4.84,4.72,t,12,0.0
7308,34393821.0,unknown,0.0,0.0,False,1,True,False,CoyoacÃ¡n,19.35653,-99.13197,Hotel room,1,1.0,1.0,1.0,True,False,False,False,False,False,False,True,350.0,2,2,90,0,0,4.7,4.78,4.75,4.83,4.81,4.84,4.72,t,1,0.0
7310,34676973.0,unknown,0.0,0.89,False,3,True,True,Benito JuÃ¡rez,19.38659,-99.17647,Hotel room,2,1.5,1.0,1.0,True,False,False,False,False,False,False,False,945.0,1,7,173,3,0,5.0,4.67,4.67,5.0,5.0,5.0,4.67,t,3,0.09
7313,34411295.0,within a few hours,1.0,1.0,False,7,True,True,CuauhtÃ©moc,19.43155,-99.16943,Hotel room,2,1.0,1.0,1.0,True,False,False,False,False,False,True,True,3395.0,1,1125,277,40,0,4.9,4.93,5.0,4.93,4.95,5.0,4.88,t,6,0.99
7332,34711133.0,within an hour,1.0,1.0,True,10,True,True,CoyoacÃ¡n,19.35265,-99.16295,Hotel room,5,1.0,1.0,3.0,True,False,False,True,False,False,False,True,2200.0,1,1125,276,4,1,4.75,5.0,4.5,4.5,5.0,5.0,4.75,t,10,0.1
7333,34712487.0,within an hour,1.0,1.0,True,10,True,True,CoyoacÃ¡n,19.35246,-99.16497,Hotel room,2,1.0,1.0,1.0,True,False,False,True,False,False,False,False,2100.0,1,1125,298,0,0,4.7,4.78,4.75,4.83,4.81,4.84,4.72,t,10,0.0
7337,34712689.0,within an hour,1.0,1.0,True,10,True,True,CoyoacÃ¡n,19.35209,-99.16489,Hotel room,2,1.0,1.0,1.0,True,False,False,True,False,False,False,False,2100.0,1,1125,298,0,0,4.7,4.78,4.75,4.83,4.81,4.84,4.72,t,10,0.0
7339,34712776.0,within an hour,1.0,1.0,True,10,True,True,CoyoacÃ¡n,19.35101,-99.1656,Hotel room,2,1.0,1.0,1.0,True,False,False,True,False,False,False,False,2100.0,1,1125,274,0,0,4.7,4.78,4.75,4.83,4.81,4.84,4.72,t,10,0.0
7340,34712947.0,within an hour,1.0,1.0,True,10,True,True,CoyoacÃ¡n,19.35354,-99.16562,Hotel room,2,1.0,1.0,1.0,True,False,False,True,False,False,False,False,2100.0,1,1125,314,0,0,4.7,4.78,4.75,4.83,4.81,4.84,4.72,t,10,0.0
7341,34464509.0,within an hour,1.0,1.0,False,1,True,True,CuauhtÃ©moc,19.43047,-99.13786,Hotel room,2,1.0,1.0,1.0,True,False,True,False,False,False,True,False,1800.0,1,1125,361,17,11,4.71,4.65,4.82,4.82,4.71,5.0,4.65,t,1,0.42
7342,34713251.0,within an hour,1.0,1.0,True,10,True,True,CoyoacÃ¡n,19.35372,-99.16636,Hotel room,5,1.0,1.0,2.0,True,False,False,True,False,False,False,False,2200.0,1,1125,291,0,0,4.7,4.78,4.75,4.83,4.81,4.84,4.72,t,10,0.0
7353,34740045.0,unknown,0.0,0.5,False,5,True,True,Benito JuÃ¡rez,19.36996,-99.18777,Hotel room,2,1.0,1.0,1.0,True,False,False,False,False,False,False,False,990.0,1,600,83,0,0,4.7,4.78,4.75,4.83,4.81,4.84,4.72,f,5,0.0
7369,34750972.0,unknown,0.0,0.89,False,3,True,True,Benito JuÃ¡rez,19.38649,-99.1749,Hotel room,1,1.5,1.0,1.0,True,False,False,False,False,False,False,False,881.0,1,7,180,3,1,4.33,4.33,4.67,4.67,4.33,4.33,4.0,t,3,0.08
7372,34527775.0,within a few hours,1.0,0.79,True,16,True,True,CuauhtÃ©moc,19.41081,-99.1781,Hotel room,3,1.0,1.0,1.0,True,False,False,False,False,False,False,False,1976.0,1,365,308,0,0,4.7,4.78,4.75,4.83,4.81,4.84,4.72,t,12,0.0
7376,34533458.0,unknown,0.0,0.0,False,1,True,True,CuauhtÃ©moc,19.43422,-99.16713,Hotel room,2,1.0,1.0,1.0,True,False,False,True,False,False,True,False,2800.0,1,1125,179,0,0,4.7,4.78,4.75,4.83,4.81,4.84,4.72,t,1,0.0
7377,34535291.0,within a few hours,1.0,0.79,True,16,True,True,CuauhtÃ©moc,19.40958,-99.17637,Hotel room,3,1.0,1.0,1.0,True,False,False,False,False,False,False,False,2132.0,1,365,316,0,0,4.7,4.78,4.75,4.83,4.81,4.84,4.72,t,12,0.0
7380,34537451.0,within a few hours,1.0,0.79,True,16,True,True,CuauhtÃ©moc,19.41162,-99.17829,Hotel room,2,1.0,1.0,1.0,True,False,False,False,False,False,False,True,2132.0,1,365,309,1,0,5.0,5.0,5.0,5.0,5.0,5.0,5.0,t,12,0.04
7381,34538170.0,within a few hours,1.0,0.79,True,16,True,True,CuauhtÃ©moc,19.41083,-99.1783,Hotel room,4,1.0,1.0,1.0,True,False,False,False,False,False,False,True,2132.0,1,365,320,1,0,5.0,5.0,5.0,5.0,5.0,5.0,5.0,t,12,0.03
7401,34573457.0,within an hour,1.0,1.0,False,112,True,True,CuauhtÃ©moc,19.44331,-99.14511,Hotel room,1,1.0,1.0,1.0,True,False,False,False,True,False,False,True,257.0,1,1125,356,9,1,5.0,5.0,4.67,5.0,5.0,4.89,4.89,t,23,0.22
7477,35126168.0,within an hour,1.0,1.0,False,112,True,True,CuauhtÃ©moc,19.44368,-99.14494,Hotel room,1,1.5,1.0,1.0,True,False,False,False,True,False,True,True,271.0,1,500,362,3,1,4.0,4.0,4.67,5.0,5.0,5.0,4.0,t,23,0.08
7501,35013170.0,within a few hours,1.0,1.0,False,7,True,True,CuauhtÃ©moc,19.42941,-99.17155,Hotel room,2,1.0,1.0,1.0,True,False,False,False,False,False,True,True,4170.0,1,1125,302,20,0,5.0,5.0,5.0,5.0,5.0,5.0,4.95,t,6,0.5
7502,35013417.0,within a few hours,1.0,1.0,False,7,True,True,CuauhtÃ©moc,19.42931,-99.17144,Hotel room,2,1.0,1.0,1.0,True,False,False,False,False,False,True,True,4170.0,1,1125,277,19,0,5.0,5.0,4.95,4.89,4.84,5.0,5.0,t,6,0.47
7504,35013542.0,within a few hours,1.0,1.0,False,7,True,True,CuauhtÃ©moc,19.43157,-99.17092,Hotel room,2,1.0,1.0,1.0,True,False,False,False,False,False,True,True,4933.0,1,1125,301,40,0,5.0,5.0,4.93,4.98,4.93,4.98,4.98,t,6,0.99
7505,35013767.0,within a few hours,1.0,1.0,False,7,True,True,CuauhtÃ©moc,19.43136,-99.17074,Hotel room,2,1.0,1.0,1.0,True,False,False,False,False,False,True,False,4170.0,1,1125,272,2,0,5.0,5.0,5.0,5.0,5.0,5.0,4.5,t,6,0.05
7506,35013861.0,within a few hours,1.0,1.0,False,7,True,True,CuauhtÃ©moc,19.4301,-99.17124,Hotel room,2,1.0,1.0,1.0,True,False,False,False,True,False,True,True,3095.0,1,1125,276,29,0,4.9,5.0,4.9,4.97,4.97,5.0,4.93,t,6,0.72
7596,35353642.0,within an hour,1.0,1.0,False,1,True,True,CuauhtÃ©moc,19.43223,-99.14266,Hotel room,3,1.0,1.0,1.0,True,False,False,False,False,False,True,True,900.0,1,30,56,2,0,5.0,5.0,5.0,5.0,4.0,5.0,5.0,t,1,0.05
7645,35605936.0,within a few hours,0.78,0.56,False,10,True,True,CuauhtÃ©moc,19.40751,-99.17531,Hotel room,2,1.0,1.0,1.0,True,False,False,False,False,False,False,True,1144.0,1,365,347,0,0,4.7,4.78,4.75,4.83,4.81,4.84,4.72,t,10,0.0
7647,35606585.0,within a few hours,0.78,0.56,False,10,True,True,CuauhtÃ©moc,19.40754,-99.17561,Hotel room,3,1.0,1.0,2.0,True,False,False,False,False,False,False,False,1300.0,1,365,352,0,0,4.7,4.78,4.75,4.83,4.81,4.84,4.72,t,10,0.0
7665,35617592.0,within an hour,1.0,0.98,False,6,True,True,CuauhtÃ©moc,19.40391,-99.16062,Hotel room,1,1.0,1.0,1.0,True,False,False,False,False,False,False,False,300.0,1,1125,357,52,11,4.81,4.88,4.73,4.94,4.9,4.9,4.77,t,6,1.31
7688,35677895.0,within a few hours,0.78,0.56,False,10,True,True,CuauhtÃ©moc,19.40899,-99.17353,Hotel room,3,1.0,1.0,2.0,True,False,False,False,False,False,False,False,1300.0,1,365,349,1,0,5.0,5.0,5.0,5.0,5.0,5.0,5.0,t,10,0.03
7703,35709914.0,within a few hours,0.78,0.56,False,10,True,True,CuauhtÃ©moc,19.40749,-99.17561,Hotel room,2,1.0,1.0,1.0,True,False,False,False,False,False,False,False,995.0,1,365,351,1,0,4.0,5.0,5.0,5.0,5.0,5.0,5.0,t,10,0.03
7712,35715294.0,unknown,0.0,0.0,False,1,True,True,Ãlvaro ObregÃ³n,19.38343,-99.19814,Hotel room,4,1.0,1.0,2.0,True,False,False,False,False,False,True,True,840.0,2,1125,135,1,0,5.0,5.0,5.0,4.0,5.0,5.0,5.0,f,1,0.03
7770,35834401.0,within an hour,1.0,1.0,False,5,True,True,Miguel Hidalgo,19.42852,-99.18782,Hotel room,4,1.0,2.0,3.0,True,False,True,True,True,False,True,True,2122.0,1,1125,352,30,19,4.5,4.53,4.57,4.67,4.3,4.97,4.53,t,5,1.86
7818,35941537.0,within an hour,1.0,1.0,True,7,True,True,CuauhtÃ©moc,19.43333,-99.13457,Hotel room,2,1.0,1.0,1.0,True,False,False,False,False,False,False,True,2582.0,1,370,176,0,0,4.7,4.78,4.75,4.83,4.81,4.84,4.72,t,7,0.0
7819,35941860.0,within an hour,1.0,1.0,True,7,True,True,CuauhtÃ©moc,19.43333,-99.13457,Hotel room,2,1.0,1.0,1.0,True,False,False,False,False,False,False,False,3058.0,1,370,346,1,1,5.0,5.0,5.0,5.0,5.0,5.0,5.0,t,7,0.37
7828,35967394.0,within an hour,1.0,1.0,True,7,True,True,CuauhtÃ©moc,19.43333,-99.13457,Hotel room,2,1.0,1.0,1.0,True,False,False,False,False,False,False,True,3063.0,1,370,338,0,0,4.7,4.78,4.75,4.83,4.81,4.84,4.72,t,7,0.0
7842,36023273.0,within an hour,1.0,1.0,True,7,True,True,CuauhtÃ©moc,19.43333,-99.13457,Hotel room,2,1.0,1.0,1.0,True,False,False,False,False,False,False,True,2773.0,1,370,354,1,0,5.0,5.0,5.0,5.0,5.0,5.0,5.0,t,7,0.03
7844,36023768.0,within an hour,1.0,1.0,True,7,True,True,CuauhtÃ©moc,19.43333,-99.13457,Hotel room,2,1.0,1.0,1.0,True,False,False,False,False,False,False,True,2582.0,1,370,313,1,1,5.0,5.0,5.0,5.0,5.0,5.0,5.0,t,7,0.24
7880,36314967.0,unknown,0.0,1.0,False,1,True,True,CuauhtÃ©moc,19.41493,-99.16685,Hotel room,2,1.0,1.0,1.0,True,False,False,False,False,False,False,False,1745.0,1,10,89,0,0,4.7,4.78,4.75,4.83,4.81,4.84,4.72,t,1,0.0
8183,37326050.0,within a day,0.88,0.79,False,7,True,True,CoyoacÃ¡n,19.3459,-99.16171,Hotel room,2,1.0,1.0,1.0,True,False,False,False,False,False,False,False,8001.0,1,101,337,39,4,4.79,4.69,4.38,4.9,4.85,4.95,4.67,t,6,1.07
8368,37721233.0,within an hour,1.0,0.98,False,6,True,True,Benito JuÃ¡rez,19.40293,-99.1606,Hotel room,1,1.0,1.0,1.0,True,False,False,False,False,False,False,False,300.0,1,1125,361,61,23,4.62,4.67,4.56,4.72,4.79,4.75,4.52,t,6,1.63
8392,37686635.0,within an hour,1.0,1.0,False,6,True,True,Ãlvaro ObregÃ³n,19.34631,-99.25332,Hotel room,3,1.0,1.0,2.0,True,False,False,False,True,False,False,True,849.0,1,365,185,1,0,5.0,5.0,4.0,5.0,5.0,4.0,5.0,t,6,0.03
8399,37687424.0,within an hour,1.0,1.0,False,6,True,True,Ãlvaro ObregÃ³n,19.34628,-99.25333,Hotel room,4,1.0,1.0,2.0,True,False,False,False,True,False,False,True,849.0,1,365,201,3,0,4.33,5.0,5.0,5.0,5.0,5.0,4.0,t,6,0.08
8406,37688057.0,within an hour,1.0,1.0,False,6,True,True,Ãlvaro ObregÃ³n,19.34645,-99.2553,Hotel room,5,1.0,1.0,3.0,True,False,False,False,True,True,False,True,900.0,1,365,185,1,0,5.0,5.0,5.0,5.0,5.0,5.0,5.0,t,6,0.06
8413,37689391.0,within an hour,1.0,1.0,False,6,True,True,Ãlvaro ObregÃ³n,19.3474,-99.25319,Hotel room,8,1.0,1.0,4.0,True,False,False,False,True,False,False,True,849.0,1,365,185,2,0,5.0,5.0,5.0,5.0,5.0,5.0,5.0,t,6,0.06
8415,37691088.0,within an hour,1.0,1.0,True,7,True,True,CoyoacÃ¡n,19.34921,-99.16183,Hotel room,2,1.0,1.0,1.0,True,False,False,True,False,False,True,False,2100.0,1,365,279,15,9,5.0,5.0,5.0,5.0,5.0,5.0,5.0,t,7,0.41
10749,43205383.0,within an hour,1.0,1.0,False,5,True,True,CuauhtÃ©moc,19.43142,-99.15688,Hotel room,0,1.0,2.0,0.0,False,False,False,False,False,False,True,False,0.0,1,365,0,3,2,5.0,5.0,5.0,5.0,5.0,5.0,5.0,f,2,0.16
10795,43247503.0,unknown,0.0,1.0,False,1,True,True,Miguel Hidalgo,19.42918,-99.19296,Hotel room,0,1.0,2.0,0.0,False,False,False,False,False,False,True,False,0.0,1,365,0,0,0,4.7,4.78,4.75,4.83,4.81,4.84,4.72,f,1,0.0
10797,43247515.0,unknown,0.0,0.0,False,2,True,True,Benito JuÃ¡rez,19.39492,-99.17583,Hotel room,0,1.0,2.0,0.0,False,False,False,False,False,False,True,False,0.0,1,365,0,0,0,4.7,4.78,4.75,4.83,4.81,4.84,4.72,f,1,0.0
10799,43247525.0,unknown,0.0,1.0,False,3,True,True,Ãlvaro ObregÃ³n,19.35086,-99.18667,Hotel room,0,1.0,2.0,0.0,False,False,False,False,False,False,True,False,0.0,1,365,0,0,0,4.7,4.78,4.75,4.83,4.81,4.84,4.72,f,1,0.0
10801,43247567.0,within an hour,1.0,0.0,False,4,False,True,CuauhtÃ©moc,19.43632,-99.1464,Hotel room,0,1.0,2.0,0.0,False,False,False,False,False,False,True,False,0.0,1,365,0,0,0,4.7,4.78,4.75,4.83,4.81,4.84,4.72,f,1,0.0
12884,47845863.0,within an hour,1.0,1.0,False,112,True,True,CuauhtÃ©moc,19.4393,-99.14381,Hotel room,1,1.0,1.0,1.0,False,False,False,False,True,False,False,False,1680.0,1,365,358,0,0,4.7,4.78,4.75,4.83,4.81,4.84,4.72,t,23,0.0
